specimen_id	run	biosample	epi_cluster	Nu_CDS1	Nu_CDS2	Nu_CDS3	Nu_CDS4	Nu_378	Nu_360i2	Mt_MSR	Mt_Junction	loci_typed	total_calls
C_IA031_18	SRR10395990	SAMN13199648	Vendor_A	-	PART_A_Hap_1	-	-	PART_A_Hap_4;PART_A_Hap_5;PART_B_Hap_1;PART_B_Hap_2;PART_C_Hap_2;PART_D_Hap_4;PART_D_Hap_7;PART_D_Hap_9	PART_A_Hap_1;PART_B_Hap_1;PART_C_Hap_1;PART_D_Hap_1;PART_E_Hap_1;PART_F_Hap_1	PART_A_Hap_1;PART_B_Hap_1;PART_C_Hap_1;PART_D_Hap_1;PART_E_Hap_1;PART_F_Hap_1	-	4	21
C_IA034_18	SRR10395993	SAMN13199645	Vendor_A	PART_A_Hap_2;PART_B_Hap_2	-	-	-	PART_A_Hap_4;PART_A_Hap_5;PART_B_Hap_1;PART_B_Hap_2;PART_C_Hap_2;PART_D_Hap_4;PART_D_Hap_7	PART_A_Hap_1;PART_B_Hap_1;PART_C_Hap_1;PART_C_Hap_2;PART_D_Hap_1;PART_E_Hap_1;PART_F_Hap_1	PART_A_Hap_1;PART_B_Hap_1;PART_C_Hap_1;PART_D_Hap_1;PART_E_Hap_1;PART_F_Hap_1	-	4	22
C_IA039_18	SRR10396056	SAMN13199640	Vendor_A	-	PART_A_Hap_1	PART_A_Hap_1;PART_B_Hap_1	PART_A_Hap_2;PART_B_Hap_2	PART_A_Hap_4;PART_A_Hap_5;PART_B_Hap_1;PART_B_Hap_2;PART_C_Hap_2;PART_D_Hap_4;PART_D_Hap_7	PART_A_Hap_1;PART_B_Hap_1;PART_C_Hap_1;PART_C_Hap_2;PART_D_Hap_1;PART_E_Hap_1;PART_F_Hap_1	PART_A_Hap_1;PART_B_Hap_1;PART_C_Hap_1;PART_D_Hap_1;PART_E_Hap_1;PART_F_Hap_1	Mt_Cmt199.A_Hap_17	7	26
C_IA040_18	SRR10396057	SAMN13199639	Vendor_A	PART_A_Hap_2;PART_B_Hap_2	-	PART_A_Hap_1;PART_B_Hap_1	PART_A_Hap_2;PART_B_Hap_2	PART_A_Hap_4;PART_A_Hap_5;PART_B_Hap_1;PART_B_Hap_2;PART_C_Hap_2;PART_D_Hap_4;PART_D_Hap_7	PART_A_Hap_1;PART_B_Hap_1;PART_C_Hap_1;PART_C_Hap_2;PART_D_Hap_1;PART_E_Hap_1;PART_F_Hap_1	PART_A_Hap_1;PART_B_Hap_1;PART_C_Hap_1;PART_D_Hap_1;PART_E_Hap_1;PART_F_Hap_1	Mt_Cmt199.A_Hap_17	7	27
C_IA045_18	SRR10396062	SAMN13199634	Vendor_A	-	-	PART_A_Hap_1;PART_B_Hap_1	-	PART_A_Hap_4;PART_A_Hap_5;PART_B_Hap_1;PART_B_Hap_2;PART_C_Hap_2;PART_D_Hap_4;PART_D_Hap_7	PART_A_Hap_1;PART_B_Hap_1;PART_C_Hap_1;PART_C_Hap_2;PART_D_Hap_1;PART_E_Hap_1;PART_F_Hap_1	PART_A_Hap_1;PART_B_Hap_1;PART_C_Hap_1;PART_D_Hap_1;PART_E_Hap_1;PART_F_Hap_1	-	4	22
C_IA048_18	SRR10396066	SAMN13199631	Vendor_A	-	PART_A_Hap_1	PART_A_Hap_1;PART_B_Hap_1	-	PART_A_Hap_4;PART_A_Hap_5;PART_B_Hap_1;PART_B_Hap_2;PART_C_Hap_2;PART_D_Hap_4;PART_D_Hap_7	PART_A_Hap_1;PART_B_Hap_1;PART_C_Hap_1;PART_C_Hap_2;PART_D_Hap_1;PART_E_Hap_1;PART_F_Hap_1	PART_A_Hap_1;PART_B_Hap_1;PART_C_Hap_1;PART_D_Hap_1;PART_E_Hap_1;PART_F_Hap_1	Mt_Cmt199.A_Hap_17	6	24
C_IA052_18	SRR10396070	SAMN13199627	Vendor_A	PART_A_Hap_2;PART_B_Hap_2	PART_A_Hap_1;PART_B_Hap_1	PART_A_Hap_1;PART_B_Hap_1	PART_A_Hap_2;PART_B_Hap_2	PART_A_Hap_4;PART_A_Hap_5;PART_B_Hap_1;PART_B_Hap_2;PART_C_Hap_2;PART_D_Hap_4;PART_D_Hap_7	PART_A_Hap_1;PART_B_Hap_1;PART_C_Hap_1;PART_C_Hap_2;PART_D_Hap_1;PART_E_Hap_1;PART_F_Hap_1	PART_A_Hap_1;PART_B_Hap_1;PART_C_Hap_1;PART_D_Hap_1;PART_E_Hap_1;PART_F_Hap_1	Mt_Cmt199.A_Hap_17	8	29
C_IA058_18	SRR10395565	SAMN13199621	Vendor_A	PART_A_Hap_2;PART_B_Hap_2	PART_A_Hap_1;PART_B_Hap_1	PART_A_Hap_1;PART_B_Hap_1	PART_A_Hap_2;PART_B_Hap_2	PART_A_Hap_4;PART_A_Hap_5;PART_B_Hap_1;PART_B_Hap_2;PART_C_Hap_2;PART_D_Hap_4;PART_D_Hap_7	PART_A_Hap_1;PART_B_Hap_1;PART_C_Hap_1;PART_C_Hap_2;PART_D_Hap_1;PART_E_Hap_1;PART_F_Hap_1	PART_A_Hap_1;PART_B_Hap_1;PART_C_Hap_1;PART_D_Hap_1;PART_E_Hap_1;PART_F_Hap_1	-	7	28
C_IA062_18	SRR10395625	SAMN13199617	Vendor_A	PART_A_Hap_2;PART_B_Hap_2	PART_A_Hap_1;PART_B_Hap_1	PART_A_Hap_1;PART_B_Hap_1	PART_A_Hap_2;PART_B_Hap_2	PART_A_Hap_5;PART_B_Hap_2;PART_C_Hap_2;PART_D_Hap_7	PART_A_Hap_1;PART_B_Hap_1;PART_C_Hap_1;PART_C_Hap_2;PART_D_Hap_1;PART_E_Hap_1;PART_F_Hap_1	PART_A_Hap_1;PART_B_Hap_1;PART_C_Hap_1;PART_D_Hap_1;PART_E_Hap_1;PART_F_Hap_1	Mt_Cmt199.A_Hap_17	8	26
C_IA064_18	SRR10395627	SAMN13199615	Vendor_A	PART_A_Hap_2;PART_B_Hap_2	PART_A_Hap_1;PART_B_Hap_1	PART_A_Hap_1;PART_B_Hap_1	PART_A_Hap_2;PART_B_Hap_2	PART_A_Hap_4;PART_A_Hap_5;PART_B_Hap_1;PART_B_Hap_2;PART_C_Hap_2;PART_D_Hap_4;PART_D_Hap_7	PART_A_Hap_1;PART_B_Hap_1;PART_C_Hap_1;PART_C_Hap_2;PART_D_Hap_1;PART_E_Hap_1;PART_F_Hap_1	PART_A_Hap_1;PART_B_Hap_1;PART_C_Hap_1;PART_D_Hap_1;PART_E_Hap_1;PART_F_Hap_1	Mt_Cmt199.A_Hap_17	8	29
C_IA068_18	SRR10395632	SAMN13199611	Vendor_A	PART_A_Hap_2;PART_B_Hap_2	PART_A_Hap_1;PART_B_Hap_1	PART_A_Hap_1;PART_B_Hap_1	PART_A_Hap_2;PART_B_Hap_2	PART_A_Hap_4;PART_A_Hap_5;PART_B_Hap_1;PART_B_Hap_2;PART_C_Hap_2;PART_D_Hap_4;PART_D_Hap_7	PART_A_Hap_1;PART_B_Hap_1;PART_C_Hap_1;PART_C_Hap_2;PART_D_Hap_1;PART_E_Hap_1;PART_F_Hap_1	PART_A_Hap_1;PART_B_Hap_1;PART_C_Hap_1;PART_D_Hap_1;PART_E_Hap_1;PART_F_Hap_1	Mt_Cmt199.A_Hap_17	8	29
C_IA069_18	SRR10395633	SAMN13199610	Vendor_A	PART_A_Hap_2;PART_B_Hap_2	PART_A_Hap_1;PART_B_Hap_1	PART_A_Hap_1;PART_B_Hap_1	PART_A_Hap_2;PART_B_Hap_2	PART_A_Hap_4;PART_A_Hap_5;PART_B_Hap_1;PART_B_Hap_2;PART_C_Hap_2;PART_D_Hap_4;PART_D_Hap_7	PART_A_Hap_1;PART_B_Hap_1;PART_C_Hap_1;PART_C_Hap_2;PART_D_Hap_1;PART_E_Hap_1;PART_F_Hap_1	PART_A_Hap_1;PART_B_Hap_1;PART_C_Hap_1;PART_D_Hap_1;PART_E_Hap_1;PART_F_Hap_1	Mt_Cmt199.A_Hap_17	8	29
C_IA075_18	SRR10395639	SAMN13199604	Vendor_A	PART_A_Hap_2;PART_B_Hap_2	PART_A_Hap_1;PART_B_Hap_1	PART_A_Hap_1;PART_B_Hap_1	PART_A_Hap_2;PART_B_Hap_2	PART_A_Hap_4;PART_A_Hap_5;PART_B_Hap_1;PART_B_Hap_2;PART_C_Hap_2;PART_D_Hap_4;PART_D_Hap_7	PART_A_Hap_1;PART_B_Hap_1;PART_C_Hap_1;PART_C_Hap_2;PART_D_Hap_1;PART_E_Hap_1;PART_F_Hap_1	PART_A_Hap_1;PART_B_Hap_1;PART_C_Hap_1;PART_D_Hap_1;PART_E_Hap_1;PART_F_Hap_1	Mt_Cmt154.B_Hap_4;Mt_Cmt199.A_Hap_17	8	30
C_IA076_18	SRR10395640	SAMN13199603	Vendor_A	-	PART_A_Hap_1;PART_B_Hap_1	-	-	PART_A_Hap_4;PART_B_Hap_1;PART_C_Hap_2;PART_D_Hap_4	PART_A_Hap_1;PART_B_Hap_1;PART_C_Hap_1;PART_C_Hap_2;PART_D_Hap_1;PART_E_Hap_1;PART_F_Hap_1	PART_A_Hap_1;PART_B_Hap_1;PART_C_Hap_1;PART_D_Hap_1;PART_E_Hap_1;PART_F_Hap_1	Mt_Cmt199.A_Hap_17	5	20
C_IA077_18	SRR10395642	SAMN13199602	Vendor_A	PART_A_Hap_2;PART_B_Hap_2	PART_A_Hap_1;PART_B_Hap_1	PART_A_Hap_1;PART_B_Hap_1	PART_A_Hap_2	PART_A_Hap_4;PART_A_Hap_5;PART_B_Hap_1;PART_B_Hap_2;PART_C_Hap_2;PART_D_Hap_4;PART_D_Hap_7	PART_A_Hap_1;PART_B_Hap_1;PART_C_Hap_1;PART_C_Hap_2;PART_D_Hap_1;PART_E_Hap_1;PART_F_Hap_1	PART_A_Hap_1;PART_B_Hap_1;PART_C_Hap_1;PART_D_Hap_1;PART_E_Hap_1;PART_F_Hap_1	-	7	27
C_IA078_18	SRR10395643	SAMN13199601	Vendor_A	PART_B_Hap_2	PART_A_Hap_1	PART_A_Hap_1;PART_B_Hap_1	PART_A_Hap_2	PART_A_Hap_4;PART_A_Hap_5;PART_B_Hap_1;PART_B_Hap_2;PART_C_Hap_2;PART_D_Hap_4;PART_D_Hap_7	PART_A_Hap_1;PART_B_Hap_1;PART_C_Hap_1;PART_C_Hap_2;PART_D_Hap_1;PART_E_Hap_1;PART_F_Hap_1	PART_A_Hap_1;PART_B_Hap_1;PART_C_Hap_1;PART_D_Hap_1;PART_E_Hap_1;PART_F_Hap_1	-	7	25
C_IA082_18	SRR10395647	SAMN13199597	Vendor_A	PART_A_Hap_2;PART_B_Hap_2	-	PART_A_Hap_1;PART_B_Hap_1	-	PART_A_Hap_4;PART_A_Hap_5;PART_B_Hap_1;PART_B_Hap_2;PART_C_Hap_2;PART_D_Hap_4;PART_D_Hap_7	PART_A_Hap_1;PART_B_Hap_1;PART_C_Hap_1;PART_C_Hap_2;PART_D_Hap_1;PART_E_Hap_1;PART_F_Hap_1	PART_A_Hap_1;PART_B_Hap_1;PART_C_Hap_1;PART_D_Hap_1;PART_E_Hap_1;PART_F_Hap_1	-	5	24
C_IA083_18	SRR10395648	SAMN13199596	Vendor_A	PART_A_Hap_2;PART_B_Hap_2	PART_A_Hap_1;PART_B_Hap_1	PART_A_Hap_1;PART_B_Hap_1	PART_A_Hap_2;PART_B_Hap_2	PART_A_Hap_4;PART_A_Hap_5;PART_B_Hap_1;PART_B_Hap_2;PART_C_Hap_2;PART_D_Hap_4;PART_D_Hap_7	PART_A_Hap_1;PART_B_Hap_1;PART_C_Hap_1;PART_C_Hap_2;PART_D_Hap_1;PART_E_Hap_1;PART_F_Hap_1	PART_A_Hap_1;PART_B_Hap_1;PART_C_Hap_1;PART_D_Hap_1;PART_E_Hap_1;PART_F_Hap_1	-	7	28
C_IA085_18	SRR10395650	SAMN13199594	Vendor_A	-	-	-	-	PART_A_Hap_4;PART_A_Hap_5;PART_B_Hap_1;PART_B_Hap_2;PART_C_Hap_2;PART_D_Hap_4;PART_D_Hap_7	PART_A_Hap_1;PART_B_Hap_1;PART_C_Hap_1;PART_C_Hap_2;PART_D_Hap_1;PART_E_Hap_1;PART_F_Hap_1	PART_A_Hap_1;PART_B_Hap_1;PART_C_Hap_1;PART_D_Hap_1;PART_E_Hap_1;PART_F_Hap_1	Mt_Cmt199.A_Hap_17	4	21
C_IA086_18	SRR10395651	SAMN13199593	Vendor_A	-	-	-	-	PART_A_Hap_4;PART_A_Hap_5;PART_B_Hap_1;PART_B_Hap_2;PART_C_Hap_2;PART_D_Hap_4;PART_D_Hap_7	PART_A_Hap_1;PART_B_Hap_1;PART_C_Hap_1;PART_C_Hap_2;PART_D_Hap_1;PART_E_Hap_1;PART_F_Hap_1	PART_A_Hap_1;PART_B_Hap_1;PART_C_Hap_1;PART_D_Hap_1;PART_E_Hap_1;PART_F_Hap_1	Mt_Cmt199.A_Hap_17	4	21
C_IA087_18	SRR10395711	SAMN13199592	Vendor_A	PART_A_Hap_2;PART_B_Hap_2	PART_A_Hap_1;PART_B_Hap_1	PART_A_Hap_1;PART_B_Hap_1	-	PART_A_Hap_4;PART_A_Hap_5;PART_B_Hap_1;PART_B_Hap_2;PART_C_Hap_2;PART_D_Hap_4;PART_D_Hap_7	PART_A_Hap_1;PART_B_Hap_1;PART_C_Hap_1;PART_C_Hap_2;PART_D_Hap_1;PART_E_Hap_1;PART_F_Hap_1	PART_A_Hap_1;PART_B_Hap_1;PART_C_Hap_1;PART_D_Hap_1;PART_E_Hap_1;PART_F_Hap_1	Mt_Cmt199.A_Hap_17	7	27
C_IA091_18	SRR10395715	SAMN13199588	Vendor_A	PART_A_Hap_2;PART_B_Hap_2	PART_A_Hap_1;PART_B_Hap_1	PART_A_Hap_1;PART_B_Hap_1	PART_A_Hap_2;PART_B_Hap_2	PART_A_Hap_4;PART_A_Hap_5;PART_B_Hap_1;PART_B_Hap_2;PART_C_Hap_2;PART_D_Hap_4;PART_D_Hap_7	PART_A_Hap_1;PART_B_Hap_1;PART_C_Hap_1;PART_C_Hap_2;PART_D_Hap_1;PART_E_Hap_1;PART_F_Hap_1	PART_A_Hap_1;PART_B_Hap_1;PART_C_Hap_1;PART_D_Hap_1;PART_E_Hap_1;PART_F_Hap_1	Mt_Cmt199.A_Hap_17	8	29
C_IA092_18	SRR10395716	SAMN13199587	Vendor_A	PART_A_Hap_2;PART_B_Hap_2	PART_A_Hap_1;PART_B_Hap_1	PART_A_Hap_1;PART_B_Hap_1	PART_A_Hap_2	PART_A_Hap_4;PART_A_Hap_5;PART_B_Hap_1;PART_B_Hap_2;PART_C_Hap_2;PART_D_Hap_4;PART_D_Hap_7	PART_A_Hap_1;PART_B_Hap_1;PART_C_Hap_1;PART_C_Hap_2;PART_D_Hap_1;PART_E_Hap_1;PART_F_Hap_1	PART_A_Hap_1;PART_B_Hap_1;PART_C_Hap_1;PART_D_Hap_1;PART_E_Hap_1;PART_F_Hap_1	Mt_Cmt199.A_Hap_17	8	28
C_IA093_18	SRR10395717	SAMN13199586	Vendor_A	-	-	PART_A_Hap_1	-	PART_A_Hap_4;PART_A_Hap_5;PART_B_Hap_1;PART_B_Hap_2;PART_C_Hap_2;PART_D_Hap_4;PART_D_Hap_7	PART_A_Hap_1;PART_B_Hap_1;PART_C_Hap_1;PART_C_Hap_2;PART_D_Hap_1;PART_E_Hap_1;PART_F_Hap_1	PART_A_Hap_1;PART_B_Hap_1;PART_C_Hap_1;PART_D_Hap_1;PART_E_Hap_1;PART_F_Hap_1	Mt_Cmt199.A_Hap_17	5	22
C_IA094_18	SRR10395718	SAMN13199585	Vendor_A	PART_A_Hap_2;PART_B_Hap_2	PART_A_Hap_1;PART_B_Hap_1	PART_A_Hap_1;PART_B_Hap_1	-	PART_A_Hap_4;PART_A_Hap_5;PART_B_Hap_1;PART_B_Hap_2;PART_C_Hap_2;PART_D_Hap_4;PART_D_Hap_7	PART_A_Hap_1;PART_B_Hap_1;PART_C_Hap_1;PART_C_Hap_2;PART_D_Hap_1;PART_E_Hap_1;PART_F_Hap_1	PART_A_Hap_1;PART_B_Hap_1;PART_C_Hap_1;PART_D_Hap_1;PART_E_Hap_1;PART_F_Hap_1	Mt_Cmt199.A_Hap_17	7	27
C_IA102_18	SRR10395727	SAMN13199577	Vendor_A	PART_A_Hap_2;PART_B_Hap_2	PART_A_Hap_1;PART_B_Hap_1	PART_A_Hap_1;PART_B_Hap_1	PART_A_Hap_2;PART_B_Hap_2	PART_A_Hap_4;PART_A_Hap_5;PART_B_Hap_1;PART_B_Hap_2;PART_C_Hap_2;PART_D_Hap_4;PART_D_Hap_7	PART_A_Hap_1;PART_B_Hap_1;PART_C_Hap_1;PART_C_Hap_2;PART_D_Hap_1;PART_E_Hap_1;PART_F_Hap_1	PART_A_Hap_1;PART_B_Hap_1;PART_C_Hap_1;PART_D_Hap_1;PART_E_Hap_1;PART_F_Hap_1	Mt_Cmt199.A_Hap_17	8	29
C_IA104_18	SRR10395729	SAMN13199575	Vendor_A	PART_A_Hap_2;PART_B_Hap_2	PART_A_Hap_1;PART_B_Hap_1	PART_A_Hap_1;PART_B_Hap_1	PART_A_Hap_2;PART_B_Hap_2	PART_A_Hap_4;PART_A_Hap_5;PART_B_Hap_1;PART_B_Hap_2;PART_C_Hap_2;PART_D_Hap_4;PART_D_Hap_7	PART_A_Hap_1;PART_B_Hap_1;PART_C_Hap_1;PART_C_Hap_2;PART_D_Hap_1;PART_E_Hap_1;PART_F_Hap_1	PART_A_Hap_1;PART_B_Hap_1;PART_C_Hap_1;PART_D_Hap_1;PART_E_Hap_1;PART_F_Hap_1	Mt_Cmt199.A_Hap_17	8	29
C_IA107_18	SRR10395733	SAMN13199572	Vendor_A	PART_A_Hap_2;PART_B_Hap_2	PART_A_Hap_1;PART_B_Hap_1	PART_A_Hap_1;PART_B_Hap_1	-	PART_A_Hap_4;PART_A_Hap_5;PART_B_Hap_1;PART_B_Hap_2;PART_C_Hap_2;PART_D_Hap_4;PART_D_Hap_7	PART_A_Hap_1;PART_B_Hap_1;PART_C_Hap_1;PART_C_Hap_2;PART_D_Hap_1;PART_E_Hap_1;PART_F_Hap_1	PART_A_Hap_1;PART_B_Hap_1;PART_C_Hap_1;PART_D_Hap_1;PART_E_Hap_1;PART_F_Hap_1	Mt_Cmt199.A_Hap_17	7	27
C_IA110_18	SRR10395736	SAMN13199569	Vendor_A	PART_A_Hap_2;PART_B_Hap_2	PART_A_Hap_1;PART_B_Hap_1	PART_A_Hap_1;PART_B_Hap_1	PART_A_Hap_2;PART_B_Hap_2	PART_A_Hap_4;PART_A_Hap_5;PART_B_Hap_1;PART_B_Hap_2;PART_C_Hap_2;PART_D_Hap_4;PART_D_Hap_7	PART_A_Hap_1;PART_B_Hap_1;PART_C_Hap_1;PART_C_Hap_2;PART_D_Hap_1;PART_E_Hap_1;PART_F_Hap_1	PART_A_Hap_1;PART_B_Hap_1;PART_C_Hap_1;PART_D_Hap_1;PART_E_Hap_1;PART_F_Hap_1	Mt_Cmt199.A_Hap_17	8	29
C_IA111_18	SRR10395737	SAMN13199568	Vendor_A	PART_A_Hap_2;PART_B_Hap_2	PART_A_Hap_1;PART_B_Hap_1	PART_A_Hap_1;PART_B_Hap_1	PART_A_Hap_2;PART_B_Hap_2	PART_A_Hap_4;PART_A_Hap_5;PART_B_Hap_1;PART_B_Hap_2;PART_C_Hap_2;PART_D_Hap_4;PART_D_Hap_7	PART_A_Hap_1;PART_B_Hap_1;PART_C_Hap_1;PART_C_Hap_2;PART_D_Hap_1;PART_E_Hap_1;PART_F_Hap_1	PART_A_Hap_1;PART_B_Hap_1;PART_C_Hap_1;PART_D_Hap_1;PART_E_Hap_1;PART_F_Hap_1	Mt_Cmt199.A_Hap_17	8	29
C_IA156_18	SRR10396191	SAMN13199523	Vendor_A	-	-	-	-	PART_B_Hap_1;PART_C_Hap_2	PART_A_Hap_1;PART_B_Hap_1;PART_C_Hap_1;PART_C_Hap_2;PART_D_Hap_1;PART_E_Hap_1;PART_F_Hap_1	PART_A_Hap_1;PART_B_Hap_1;PART_C_Hap_1;PART_D_Hap_1;PART_E_Hap_1;PART_F_Hap_1	Mt_Cmt199.A_Hap_17	4	16
C_IL004_18	SRR10396273	SAMN13199500	Vendor_A	-	-	PART_A_Hap_1;PART_B_Hap_1	-	PART_A_Hap_5;PART_B_Hap_2;PART_C_Hap_2;PART_D_Hap_7	PART_A_Hap_1;PART_B_Hap_1;PART_C_Hap_2;PART_D_Hap_1;PART_E_Hap_1;PART_F_Hap_1	PART_A_Hap_1;PART_B_Hap_1;PART_C_Hap_1;PART_D_Hap_1;PART_E_Hap_1;PART_F_Hap_1	-	4	18
C_IL007_18	SRR10396276	SAMN13199497	Vendor_A	-	-	-	-	PART_B_Hap_2;PART_C_Hap_2	PART_B_Hap_1;PART_C_Hap_1;PART_C_Hap_2;PART_D_Hap_1;PART_E_Hap_1	PART_A_Hap_1;PART_B_Hap_1;PART_C_Hap_1;PART_D_Hap_1;PART_E_Hap_1;PART_F_Hap_1	Mt_Cmt199.A_Hap_17	4	14
C_IL012_18	SRR10396282	SAMN13199492	Vendor_A	-	-	-	PART_A_Hap_2;PART_B_Hap_2	PART_A_Hap_4;PART_A_Hap_5;PART_B_Hap_1;PART_B_Hap_2;PART_C_Hap_2;PART_D_Hap_4;PART_D_Hap_7	PART_A_Hap_1;PART_B_Hap_1;PART_C_Hap_1;PART_C_Hap_2;PART_D_Hap_1;PART_E_Hap_1;PART_F_Hap_1	PART_A_Hap_1;PART_B_Hap_1;PART_C_Hap_1;PART_D_Hap_1;PART_E_Hap_1;PART_F_Hap_1	-	4	22
C_IL013_18	SRR10395829	SAMN13199491	Vendor_A	PART_A_Hap_2;PART_B_Hap_2	PART_A_Hap_1;PART_B_Hap_1	PART_A_Hap_1;PART_B_Hap_1	PART_A_Hap_2	PART_A_Hap_4;PART_A_Hap_5;PART_B_Hap_1;PART_B_Hap_2;PART_C_Hap_2;PART_D_Hap_4;PART_D_Hap_7	PART_A_Hap_1;PART_B_Hap_1;PART_C_Hap_1;PART_C_Hap_2;PART_D_Hap_1;PART_E_Hap_1;PART_F_Hap_1	PART_A_Hap_1;PART_B_Hap_1;PART_C_Hap_1;PART_D_Hap_1;PART_E_Hap_1;PART_F_Hap_1	-	7	27
C_IL018_18	SRR10395834	SAMN13199486	Vendor_A	PART_A_Hap_2;PART_B_Hap_2	PART_A_Hap_1;PART_B_Hap_1	PART_A_Hap_1;PART_B_Hap_1	PART_A_Hap_2;PART_B_Hap_2	PART_A_Hap_4;PART_A_Hap_5;PART_B_Hap_1;PART_B_Hap_2;PART_C_Hap_2;PART_D_Hap_4;PART_D_Hap_7	PART_A_Hap_1;PART_B_Hap_1;PART_C_Hap_1;PART_C_Hap_2;PART_D_Hap_1;PART_E_Hap_1;PART_F_Hap_1	PART_A_Hap_1;PART_B_Hap_1;PART_C_Hap_1;PART_D_Hap_1;PART_E_Hap_1;PART_F_Hap_1	-	7	28
C_IL019_18	SRR10395835	SAMN13199485	Vendor_A	PART_A_Hap_2;PART_B_Hap_2	-	-	PART_A_Hap_2;PART_B_Hap_2	PART_A_Hap_4;PART_A_Hap_5;PART_B_Hap_1;PART_B_Hap_2;PART_C_Hap_2;PART_D_Hap_4;PART_D_Hap_7	PART_A_Hap_1;PART_B_Hap_1;PART_C_Hap_1;PART_C_Hap_2;PART_D_Hap_1;PART_E_Hap_1;PART_F_Hap_1	PART_A_Hap_1;PART_B_Hap_1;PART_C_Hap_1;PART_D_Hap_1;PART_E_Hap_1;PART_F_Hap_1	Mt_Cmt199.A_Hap_17	6	25
C_IL020_18	SRR10395836	SAMN13199484	Vendor_A	-	-	-	PART_A_Hap_2;PART_B_Hap_2	PART_A_Hap_4;PART_A_Hap_5;PART_B_Hap_1;PART_B_Hap_2;PART_C_Hap_2;PART_D_Hap_4;PART_D_Hap_7	PART_A_Hap_1;PART_B_Hap_1;PART_C_Hap_1;PART_C_Hap_2;PART_D_Hap_1;PART_E_Hap_1;PART_F_Hap_1	PART_A_Hap_1;PART_B_Hap_1;PART_C_Hap_1;PART_D_Hap_1;PART_E_Hap_1;PART_F_Hap_1	Mt_Cmt199.A_Hap_17	5	23
C_IL022_18	SRR10395839	SAMN13199482	Vendor_A	PART_A_Hap_2;PART_B_Hap_2	PART_A_Hap_1;PART_B_Hap_1	PART_A_Hap_1;PART_B_Hap_1	PART_A_Hap_2;PART_B_Hap_2	PART_A_Hap_4;PART_A_Hap_5;PART_B_Hap_1;PART_B_Hap_2;PART_C_Hap_2;PART_D_Hap_4;PART_D_Hap_7	PART_A_Hap_1;PART_B_Hap_1;PART_C_Hap_1;PART_C_Hap_2;PART_D_Hap_1;PART_E_Hap_1;PART_F_Hap_1	PART_A_Hap_1;PART_B_Hap_1;PART_C_Hap_1;PART_D_Hap_1;PART_E_Hap_1;PART_F_Hap_1	Mt_Cmt199.A_Hap_17	8	29
C_IL023_18	SRR10395840	SAMN13199481	Vendor_A	PART_B_Hap_2	PART_A_Hap_1;PART_B_Hap_1	PART_A_Hap_1;PART_B_Hap_1	PART_A_Hap_2	PART_A_Hap_4;PART_A_Hap_5;PART_B_Hap_1;PART_B_Hap_2;PART_C_Hap_2;PART_D_Hap_4;PART_D_Hap_7	PART_A_Hap_1;PART_B_Hap_1;PART_C_Hap_1;PART_C_Hap_2;PART_D_Hap_1;PART_E_Hap_1;PART_F_Hap_1	PART_A_Hap_1;PART_B_Hap_1;PART_C_Hap_1;PART_D_Hap_1;PART_E_Hap_1;PART_F_Hap_1	Mt_Cmt199.A_Hap_17	8	27
C_IL024_18	SRR10395841	SAMN13199480	Vendor_A	PART_B_Hap_2	PART_A_Hap_1;PART_B_Hap_1	PART_A_Hap_1;PART_B_Hap_1	PART_A_Hap_2	PART_A_Hap_4;PART_A_Hap_5;PART_B_Hap_1;PART_B_Hap_2;PART_C_Hap_2;PART_D_Hap_4;PART_D_Hap_7	PART_A_Hap_1;PART_B_Hap_1;PART_C_Hap_1;PART_C_Hap_2;PART_D_Hap_1;PART_E_Hap_1;PART_F_Hap_1	PART_A_Hap_1;PART_B_Hap_1;PART_C_Hap_1;PART_D_Hap_1;PART_E_Hap_1;PART_F_Hap_1	Mt_Cmt199.A_Hap_17	8	27
C_IL025_18	SRR10395842	SAMN13199479	Vendor_A	-	PART_A_Hap_1;PART_B_Hap_1	PART_A_Hap_1;PART_B_Hap_1	-	PART_A_Hap_4;PART_A_Hap_5;PART_B_Hap_1;PART_B_Hap_2;PART_C_Hap_2;PART_D_Hap_4;PART_D_Hap_7	PART_A_Hap_1;PART_B_Hap_1;PART_C_Hap_1;PART_C_Hap_2;PART_D_Hap_1;PART_E_Hap_1;PART_F_Hap_1	PART_A_Hap_1;PART_B_Hap_1;PART_C_Hap_1;PART_D_Hap_1;PART_E_Hap_1;PART_F_Hap_1	Mt_Cmt199.A_Hap_17	6	25
C_IL031_18	SRR10395848	SAMN13199473	Vendor_A	PART_B_Hap_2	PART_A_Hap_1;PART_B_Hap_1	PART_A_Hap_1;PART_B_Hap_1	PART_A_Hap_2;PART_B_Hap_2	PART_A_Hap_4;PART_A_Hap_5;PART_B_Hap_1;PART_B_Hap_2;PART_C_Hap_2;PART_D_Hap_4;PART_D_Hap_7	PART_A_Hap_1;PART_B_Hap_1;PART_C_Hap_1;PART_C_Hap_2;PART_D_Hap_1;PART_E_Hap_1;PART_F_Hap_1	PART_A_Hap_1;PART_B_Hap_1;PART_C_Hap_1;PART_D_Hap_1;PART_E_Hap_1;PART_F_Hap_1	-	7	27
C_IL032_18	SRR10395850	SAMN13199472	Vendor_A	PART_A_Hap_2;PART_B_Hap_2	-	PART_A_Hap_1;PART_B_Hap_1	PART_A_Hap_2	PART_A_Hap_4;PART_A_Hap_5;PART_B_Hap_1;PART_B_Hap_2;PART_C_Hap_2;PART_D_Hap_4;PART_D_Hap_7	PART_A_Hap_1;PART_B_Hap_1;PART_C_Hap_1;PART_C_Hap_2;PART_D_Hap_1;PART_E_Hap_1;PART_F_Hap_1	PART_A_Hap_1;PART_B_Hap_1;PART_C_Hap_1;PART_D_Hap_1;PART_E_Hap_1;PART_F_Hap_1	-	6	25
C_IL033_18	SRR10395851	SAMN13199471	Vendor_A	PART_A_Hap_2;PART_B_Hap_2	PART_A_Hap_1;PART_B_Hap_1	PART_A_Hap_1;PART_B_Hap_1	PART_A_Hap_2;PART_B_Hap_2	PART_A_Hap_4;PART_A_Hap_5;PART_B_Hap_1;PART_B_Hap_2;PART_C_Hap_2;PART_D_Hap_4;PART_D_Hap_7	PART_A_Hap_1;PART_B_Hap_1;PART_C_Hap_1;PART_C_Hap_2;PART_D_Hap_1;PART_E_Hap_1;PART_F_Hap_1	PART_A_Hap_1;PART_B_Hap_1;PART_C_Hap_1;PART_D_Hap_1;PART_E_Hap_1;PART_F_Hap_1	Mt_Cmt199.A_Hap_17	8	29
C_IL034_18	SRR10395852	SAMN13199470	Vendor_A	PART_A_Hap_2;PART_B_Hap_2	PART_A_Hap_1;PART_B_Hap_1	PART_A_Hap_1;PART_B_Hap_1	PART_A_Hap_2;PART_B_Hap_2	PART_A_Hap_4;PART_A_Hap_5;PART_B_Hap_1;PART_B_Hap_2;PART_C_Hap_2;PART_D_Hap_4;PART_D_Hap_7	PART_A_Hap_1;PART_B_Hap_1;PART_C_Hap_1;PART_C_Hap_2;PART_D_Hap_1;PART_E_Hap_1;PART_F_Hap_1	PART_A_Hap_1;PART_B_Hap_1;PART_C_Hap_1;PART_D_Hap_1;PART_E_Hap_1;PART_F_Hap_1	-	7	28
C_IL036_18	SRR10395854	SAMN13199468	Vendor_A	-	PART_A_Hap_1;PART_B_Hap_1	-	PART_A_Hap_2	PART_A_Hap_4;PART_B_Hap_1;PART_C_Hap_2;PART_D_Hap_4	PART_A_Hap_1;PART_B_Hap_1;PART_C_Hap_1;PART_C_Hap_2;PART_D_Hap_1;PART_E_Hap_1;PART_F_Hap_1	PART_A_Hap_1;PART_B_Hap_1;PART_C_Hap_1;PART_D_Hap_1;PART_E_Hap_1;PART_F_Hap_1	-	5	20
C_IL037_18	SRR10395855	SAMN13199467	Vendor_A	PART_A_Hap_2;PART_B_Hap_2	PART_A_Hap_1	PART_A_Hap_1;PART_B_Hap_1	PART_A_Hap_2;PART_B_Hap_2	PART_A_Hap_4;PART_A_Hap_5;PART_B_Hap_1;PART_B_Hap_2;PART_C_Hap_2;PART_D_Hap_4;PART_D_Hap_7	PART_A_Hap_1;PART_B_Hap_1;PART_C_Hap_1;PART_C_Hap_2;PART_D_Hap_1;PART_E_Hap_1;PART_F_Hap_1	PART_A_Hap_1;PART_B_Hap_1;PART_C_Hap_1;PART_D_Hap_1;PART_E_Hap_1;PART_F_Hap_1	-	7	27
C_IL039_18	SRR10395913	SAMN13199465	Vendor_A	PART_B_Hap_2	-	PART_A_Hap_1;PART_B_Hap_1	PART_A_Hap_2;PART_B_Hap_2	PART_A_Hap_4;PART_A_Hap_5;PART_B_Hap_1;PART_B_Hap_2;PART_C_Hap_2;PART_D_Hap_4;PART_D_Hap_7	PART_A_Hap_1;PART_B_Hap_1;PART_C_Hap_1;PART_C_Hap_2;PART_D_Hap_1;PART_E_Hap_1;PART_F_Hap_1	PART_A_Hap_1;PART_B_Hap_1;PART_C_Hap_1;PART_D_Hap_1;PART_E_Hap_1;PART_F_Hap_1	-	6	25
C_IL040_18	SRR10395914	SAMN13199464	Vendor_A	PART_A_Hap_2;PART_B_Hap_2	PART_A_Hap_1	PART_A_Hap_1;PART_B_Hap_1	PART_A_Hap_2;PART_B_Hap_2	PART_A_Hap_4;PART_B_Hap_1;PART_C_Hap_2;PART_D_Hap_4	PART_A_Hap_1;PART_B_Hap_1;PART_C_Hap_1;PART_C_Hap_2;PART_D_Hap_1;PART_E_Hap_1;PART_F_Hap_1	PART_A_Hap_1;PART_B_Hap_1;PART_C_Hap_1;PART_D_Hap_1;PART_E_Hap_1;PART_F_Hap_1	Mt_Cmt199.A_Hap_17	8	25
C_IL042_18	SRR10395917	SAMN13199462	Vendor_A	PART_A_Hap_2;PART_B_Hap_2	PART_A_Hap_1;PART_B_Hap_1	PART_A_Hap_1;PART_B_Hap_1	PART_A_Hap_2;PART_B_Hap_2	PART_A_Hap_4;PART_A_Hap_5;PART_B_Hap_1;PART_B_Hap_2;PART_C_Hap_2;PART_D_Hap_4;PART_D_Hap_7	PART_A_Hap_1;PART_B_Hap_1;PART_C_Hap_1;PART_C_Hap_2;PART_D_Hap_1;PART_E_Hap_1;PART_F_Hap_1	PART_A_Hap_1;PART_B_Hap_1;PART_C_Hap_1;PART_D_Hap_1;PART_E_Hap_1;PART_F_Hap_1	Mt_Cmt199.A_Hap_17	8	29
C_IL044_18	SRR10395919	SAMN13199460	Vendor_A	PART_A_Hap_2;PART_B_Hap_2	PART_A_Hap_1;PART_B_Hap_1	-	PART_A_Hap_2	PART_A_Hap_4;PART_B_Hap_1;PART_B_Hap_2;PART_C_Hap_2;PART_D_Hap_4	PART_A_Hap_1;PART_B_Hap_1;PART_C_Hap_1;PART_C_Hap_2;PART_D_Hap_1;PART_E_Hap_1;PART_F_Hap_1	PART_A_Hap_1;PART_B_Hap_1;PART_C_Hap_1;PART_D_Hap_1;PART_E_Hap_1;PART_F_Hap_1	-	6	23
C_IL046_18	SRR10395921	SAMN13199458	Vendor_A	PART_A_Hap_2;PART_B_Hap_2	PART_A_Hap_1;PART_B_Hap_1	PART_A_Hap_1;PART_B_Hap_1	PART_A_Hap_2	PART_A_Hap_4;PART_A_Hap_5;PART_B_Hap_1;PART_B_Hap_2;PART_C_Hap_2;PART_D_Hap_4;PART_D_Hap_7	PART_A_Hap_1;PART_B_Hap_1;PART_C_Hap_1;PART_C_Hap_2;PART_D_Hap_1;PART_E_Hap_1;PART_F_Hap_1	PART_A_Hap_1;PART_B_Hap_1;PART_C_Hap_1;PART_D_Hap_1;PART_E_Hap_1;PART_F_Hap_1	-	7	27
C_IL047_18	SRR10395922	SAMN13199457	Vendor_A	PART_A_Hap_2;PART_B_Hap_2	PART_A_Hap_1;PART_B_Hap_1	PART_A_Hap_1;PART_B_Hap_1	PART_A_Hap_2;PART_B_Hap_2	PART_A_Hap_4;PART_A_Hap_5;PART_B_Hap_1;PART_B_Hap_2;PART_C_Hap_2;PART_D_Hap_4;PART_D_Hap_7	PART_A_Hap_1;PART_B_Hap_1;PART_C_Hap_1;PART_C_Hap_2;PART_D_Hap_1;PART_E_Hap_1;PART_F_Hap_1	PART_A_Hap_1;PART_B_Hap_1;PART_C_Hap_1;PART_D_Hap_1;PART_E_Hap_1;PART_F_Hap_1	-	7	28
C_IL048_18	SRR10395923	SAMN13199456	Vendor_A	-	PART_A_Hap_1;PART_B_Hap_1	PART_A_Hap_1;PART_B_Hap_1	PART_A_Hap_2	PART_A_Hap_4;PART_A_Hap_5;PART_B_Hap_1;PART_B_Hap_2;PART_C_Hap_2;PART_D_Hap_4;PART_D_Hap_7	PART_A_Hap_1;PART_B_Hap_1;PART_C_Hap_1;PART_C_Hap_2;PART_D_Hap_1;PART_E_Hap_1;PART_F_Hap_1	PART_A_Hap_1;PART_B_Hap_1;PART_C_Hap_1;PART_D_Hap_1;PART_E_Hap_1;PART_F_Hap_1	Mt_Cmt199.A_Hap_17	7	26
C_IL049_18	SRR10395924	SAMN13199455	Vendor_A	-	-	PART_A_Hap_1	-	PART_B_Hap_1;PART_B_Hap_2;PART_C_Hap_2;PART_D_Hap_4;PART_D_Hap_7	PART_A_Hap_1;PART_B_Hap_1;PART_C_Hap_1;PART_C_Hap_2;PART_D_Hap_1;PART_E_Hap_1;PART_F_Hap_1	PART_A_Hap_1;PART_B_Hap_1;PART_C_Hap_1;PART_D_Hap_1;PART_E_Hap_1;PART_F_Hap_1	Mt_Cmt199.A_Hap_17	5	20
C_IL050_18	SRR10395925	SAMN13199454	Vendor_A	PART_A_Hap_2;PART_B_Hap_2	PART_A_Hap_1;PART_B_Hap_1	PART_A_Hap_1;PART_B_Hap_1	PART_A_Hap_2;PART_B_Hap_2	PART_A_Hap_4;PART_A_Hap_5;PART_B_Hap_1;PART_B_Hap_2;PART_C_Hap_2;PART_D_Hap_4;PART_D_Hap_7	PART_A_Hap_1;PART_B_Hap_1;PART_C_Hap_1;PART_C_Hap_2;PART_D_Hap_1;PART_E_Hap_1;PART_F_Hap_1	PART_A_Hap_1;PART_B_Hap_1;PART_C_Hap_1;PART_D_Hap_1;PART_E_Hap_1;PART_F_Hap_1	Mt_Cmt199.A_Hap_17	8	29
C_IL054_18	SRR10395930	SAMN13199450	Vendor_A	PART_A_Hap_2;PART_B_Hap_2	PART_A_Hap_1;PART_B_Hap_1	PART_A_Hap_1;PART_B_Hap_1	PART_A_Hap_2;PART_B_Hap_2	PART_B_Hap_1;PART_B_Hap_2;PART_C_Hap_2	PART_A_Hap_1;PART_B_Hap_1;PART_C_Hap_1;PART_C_Hap_2;PART_D_Hap_1;PART_E_Hap_1;PART_F_Hap_1	PART_A_Hap_1;PART_B_Hap_1;PART_C_Hap_1;PART_D_Hap_1;PART_E_Hap_1;PART_F_Hap_1	Mt_Cmt199.A_Hap_17	8	25
C_IL055_18	SRR10395931	SAMN13199449	Vendor_A	-	PART_A_Hap_1;PART_B_Hap_1	PART_A_Hap_1;PART_B_Hap_1	PART_A_Hap_2;PART_B_Hap_2	PART_A_Hap_4;PART_A_Hap_5;PART_B_Hap_1;PART_B_Hap_2;PART_C_Hap_2;PART_D_Hap_4;PART_D_Hap_7	PART_A_Hap_1;PART_B_Hap_1;PART_C_Hap_1;PART_C_Hap_2;PART_D_Hap_1;PART_E_Hap_1;PART_F_Hap_1	PART_A_Hap_1;PART_B_Hap_1;PART_C_Hap_1;PART_D_Hap_1;PART_E_Hap_1;PART_F_Hap_1	Mt_Cmt199.A_Hap_17	7	27
C_IL056_18	SRR10395932	SAMN13199448	Vendor_A	PART_A_Hap_2;PART_B_Hap_2	PART_A_Hap_1;PART_B_Hap_1	PART_A_Hap_1;PART_B_Hap_1	PART_A_Hap_2;PART_B_Hap_2	PART_A_Hap_4;PART_A_Hap_5;PART_B_Hap_1;PART_B_Hap_2;PART_C_Hap_2;PART_D_Hap_4;PART_D_Hap_7	PART_A_Hap_1;PART_B_Hap_1;PART_C_Hap_1;PART_C_Hap_2;PART_D_Hap_1;PART_E_Hap_1;PART_F_Hap_1	PART_A_Hap_1;PART_B_Hap_1;PART_C_Hap_1;PART_D_Hap_1;PART_E_Hap_1;PART_F_Hap_1	Mt_Cmt199.A_Hap_17	8	29
C_IL057_18	SRR10395933	SAMN13199447	Vendor_A	-	-	PART_A_Hap_1;PART_B_Hap_1	-	-	PART_A_Hap_1;PART_B_Hap_1;PART_C_Hap_1;PART_D_Hap_1;PART_E_Hap_1;PART_F_Hap_1	PART_A_Hap_1;PART_B_Hap_1;PART_C_Hap_1;PART_D_Hap_1;PART_E_Hap_1;PART_F_Hap_1	Mt_Cmt199.A_Hap_17	4	15
C_IL058_18	SRR10395934	SAMN13199446	Vendor_A	PART_A_Hap_2;PART_B_Hap_2	PART_A_Hap_1;PART_B_Hap_1	PART_A_Hap_1;PART_B_Hap_1	PART_A_Hap_2;PART_B_Hap_2	PART_A_Hap_4;PART_A_Hap_5;PART_B_Hap_1;PART_B_Hap_2;PART_C_Hap_2;PART_D_Hap_4;PART_D_Hap_7	PART_A_Hap_1;PART_B_Hap_1;PART_C_Hap_1;PART_C_Hap_2;PART_D_Hap_1;PART_E_Hap_1;PART_F_Hap_1	PART_A_Hap_1;PART_B_Hap_1;PART_C_Hap_1;PART_D_Hap_1;PART_E_Hap_1;PART_F_Hap_1	-	7	28
C_IL059_18	SRR10395935	SAMN13199445	Vendor_A	-	-	-	PART_A_Hap_2;PART_B_Hap_2	PART_A_Hap_5;PART_B_Hap_2;PART_C_Hap_2;PART_D_Hap_7	PART_A_Hap_1;PART_B_Hap_1;PART_C_Hap_2;PART_D_Hap_1;PART_E_Hap_1;PART_F_Hap_1	PART_A_Hap_1;PART_B_Hap_1;PART_C_Hap_1;PART_D_Hap_1;PART_E_Hap_1;PART_F_Hap_1	-	4	18
C_IL060_18	SRR10395936	SAMN13199444	Vendor_A	PART_A_Hap_2;PART_B_Hap_2	PART_A_Hap_1;PART_B_Hap_1	PART_A_Hap_1;PART_B_Hap_1	PART_A_Hap_2;PART_B_Hap_2	PART_A_Hap_4;PART_A_Hap_5;PART_B_Hap_1;PART_B_Hap_2;PART_C_Hap_2;PART_D_Hap_4;PART_D_Hap_7	PART_A_Hap_1;PART_B_Hap_1;PART_C_Hap_1;PART_C_Hap_2;PART_D_Hap_1;PART_E_Hap_1;PART_F_Hap_1	PART_A_Hap_1;PART_B_Hap_1;PART_C_Hap_1;PART_D_Hap_1;PART_E_Hap_1;PART_F_Hap_1	-	7	28
C_IL062_18	SRR10395940	SAMN13199442	Vendor_A	PART_A_Hap_2;PART_B_Hap_2	-	PART_A_Hap_1;PART_B_Hap_1	PART_A_Hap_2;PART_B_Hap_2	PART_A_Hap_4;PART_A_Hap_5;PART_B_Hap_1;PART_B_Hap_2;PART_C_Hap_2;PART_D_Hap_4;PART_D_Hap_7	PART_A_Hap_1;PART_B_Hap_1;PART_C_Hap_1;PART_C_Hap_2;PART_D_Hap_1;PART_E_Hap_1;PART_F_Hap_1	PART_A_Hap_1;PART_B_Hap_1;PART_C_Hap_1;PART_D_Hap_1;PART_E_Hap_1;PART_F_Hap_1	Mt_Cmt199.A_Hap_17	7	27
C_IL065_18	SRR10395999	SAMN13199439	Vendor_A	PART_A_Hap_2;PART_B_Hap_2	PART_A_Hap_1;PART_B_Hap_1	PART_A_Hap_1;PART_B_Hap_1	PART_A_Hap_2;PART_B_Hap_2	PART_A_Hap_4;PART_A_Hap_5;PART_B_Hap_1;PART_B_Hap_2;PART_C_Hap_2;PART_D_Hap_4;PART_D_Hap_7	PART_A_Hap_1;PART_B_Hap_1;PART_C_Hap_1;PART_C_Hap_2;PART_D_Hap_1;PART_E_Hap_1;PART_F_Hap_1	PART_A_Hap_1;PART_B_Hap_1;PART_C_Hap_1;PART_D_Hap_1;PART_E_Hap_1;PART_F_Hap_1	-	7	28
C_IL066_18	SRR10396000	SAMN13199438	Vendor_A	-	PART_A_Hap_1;PART_B_Hap_1	PART_A_Hap_1;PART_B_Hap_1	PART_A_Hap_2	PART_A_Hap_4;PART_A_Hap_5;PART_B_Hap_1;PART_B_Hap_2;PART_C_Hap_2;PART_D_Hap_4;PART_D_Hap_7	PART_A_Hap_1;PART_B_Hap_1;PART_C_Hap_1;PART_C_Hap_2;PART_D_Hap_1;PART_E_Hap_1;PART_F_Hap_1	PART_A_Hap_1;PART_B_Hap_1;PART_C_Hap_1;PART_D_Hap_1;PART_E_Hap_1;PART_F_Hap_1	-	6	25
C_IL067_18	SRR10396001	SAMN13199437	Vendor_A	-	PART_A_Hap_1;PART_B_Hap_1	-	PART_A_Hap_2	PART_A_Hap_5;PART_B_Hap_2;PART_C_Hap_2;PART_D_Hap_7	PART_A_Hap_1;PART_B_Hap_1;PART_C_Hap_2;PART_D_Hap_1;PART_E_Hap_1;PART_F_Hap_1	PART_A_Hap_1;PART_B_Hap_1;PART_C_Hap_1;PART_D_Hap_1;PART_E_Hap_1;PART_F_Hap_1	-	5	19
C_IL071_18	SRR10396005	SAMN13199433	Vendor_A	PART_A_Hap_2;PART_B_Hap_2	PART_A_Hap_1;PART_B_Hap_1	PART_A_Hap_1;PART_B_Hap_1	PART_A_Hap_2;PART_B_Hap_2	PART_A_Hap_4;PART_B_Hap_1;PART_C_Hap_2;PART_D_Hap_4	PART_A_Hap_1;PART_B_Hap_1;PART_C_Hap_1;PART_C_Hap_2;PART_D_Hap_1;PART_E_Hap_1;PART_F_Hap_1	PART_A_Hap_1;PART_B_Hap_1;PART_C_Hap_1;PART_D_Hap_1;PART_E_Hap_1;PART_F_Hap_1	Mt_Cmt199.A_Hap_17	8	26
C_IL072_18	SRR10396007	SAMN13199432	Vendor_A	PART_A_Hap_2;PART_B_Hap_2	PART_A_Hap_1;PART_B_Hap_1	PART_A_Hap_1;PART_B_Hap_1	PART_A_Hap_2;PART_B_Hap_2	PART_A_Hap_4;PART_A_Hap_5;PART_B_Hap_1;PART_B_Hap_2;PART_C_Hap_2;PART_D_Hap_4;PART_D_Hap_7	PART_A_Hap_1;PART_B_Hap_1;PART_C_Hap_1;PART_C_Hap_2;PART_D_Hap_1;PART_E_Hap_1;PART_F_Hap_1	PART_A_Hap_1;PART_B_Hap_1;PART_C_Hap_1;PART_D_Hap_1;PART_E_Hap_1;PART_F_Hap_1	Mt_Cmt199.A_Hap_17	8	29
C_IL074_18	SRR10396009	SAMN13199430	Vendor_A	-	-	PART_A_Hap_1;PART_B_Hap_1	-	PART_A_Hap_5;PART_B_Hap_2;PART_C_Hap_2;PART_D_Hap_7	PART_A_Hap_1;PART_B_Hap_1;PART_C_Hap_1;PART_D_Hap_1;PART_E_Hap_1;PART_F_Hap_1	PART_A_Hap_1;PART_B_Hap_1;PART_C_Hap_1;PART_D_Hap_1;PART_E_Hap_1;PART_F_Hap_1	-	4	18
C_IL076_18	SRR10396011	SAMN13199428	Vendor_A	PART_A_Hap_2;PART_B_Hap_2	PART_A_Hap_1;PART_B_Hap_1	PART_A_Hap_1;PART_B_Hap_1	PART_A_Hap_2;PART_B_Hap_2	PART_A_Hap_4;PART_A_Hap_5;PART_B_Hap_1;PART_B_Hap_2;PART_C_Hap_2;PART_D_Hap_4;PART_D_Hap_7	PART_A_Hap_1;PART_B_Hap_1;PART_C_Hap_1;PART_C_Hap_2;PART_D_Hap_1;PART_E_Hap_1;PART_F_Hap_1	PART_A_Hap_1;PART_B_Hap_1;PART_C_Hap_1;PART_D_Hap_1;PART_E_Hap_1;PART_F_Hap_1	-	7	28
C_IL077_18	SRR10396012	SAMN13199427	Vendor_A	PART_A_Hap_2;PART_B_Hap_2	PART_A_Hap_1;PART_B_Hap_1	PART_A_Hap_1;PART_B_Hap_1	PART_A_Hap_2;PART_B_Hap_2	PART_A_Hap_4;PART_A_Hap_5;PART_B_Hap_1;PART_B_Hap_2;PART_C_Hap_2;PART_D_Hap_4;PART_D_Hap_7	PART_A_Hap_1;PART_B_Hap_1;PART_C_Hap_1;PART_C_Hap_2;PART_D_Hap_1;PART_E_Hap_1;PART_F_Hap_1	PART_A_Hap_1;PART_B_Hap_1;PART_C_Hap_1;PART_D_Hap_1;PART_E_Hap_1;PART_F_Hap_1	Mt_Cmt199.A_Hap_17	8	29
C_IL079_18	SRR10396014	SAMN13199425	Vendor_A	PART_A_Hap_2;PART_B_Hap_2	PART_A_Hap_1;PART_B_Hap_1	PART_A_Hap_1;PART_B_Hap_1	PART_A_Hap_2;PART_B_Hap_2	PART_A_Hap_4;PART_A_Hap_5;PART_B_Hap_1;PART_B_Hap_2;PART_C_Hap_2;PART_D_Hap_4;PART_D_Hap_7	PART_A_Hap_1;PART_B_Hap_1;PART_C_Hap_1;PART_C_Hap_2;PART_D_Hap_1;PART_E_Hap_1;PART_F_Hap_1	PART_A_Hap_1;PART_B_Hap_1;PART_C_Hap_1;PART_D_Hap_1;PART_E_Hap_1;PART_F_Hap_1	Mt_Cmt199.A_Hap_17	8	29
C_IL080_18	SRR10396077	SAMN13199752	Vendor_A	-	PART_A_Hap_1;PART_B_Hap_1	-	PART_A_Hap_2;PART_B_Hap_2	PART_A_Hap_4;PART_A_Hap_5;PART_B_Hap_1;PART_B_Hap_2;PART_C_Hap_2;PART_D_Hap_4;PART_D_Hap_7	PART_A_Hap_1;PART_B_Hap_1;PART_C_Hap_2;PART_D_Hap_1;PART_E_Hap_1;PART_F_Hap_1	PART_A_Hap_1;PART_B_Hap_1;PART_C_Hap_1;PART_D_Hap_1;PART_E_Hap_1;PART_F_Hap_1	Mt_Cmt199.A_Hap_17	6	24
C_IL081_18	SRR10396015	SAMN13199424	Vendor_A	-	PART_A_Hap_1;PART_B_Hap_1	PART_A_Hap_1;PART_B_Hap_1	PART_A_Hap_2;PART_B_Hap_2	PART_A_Hap_4;PART_B_Hap_1;PART_C_Hap_2;PART_D_Hap_4	PART_A_Hap_1;PART_B_Hap_1;PART_C_Hap_1;PART_D_Hap_1;PART_E_Hap_1;PART_F_Hap_1	PART_A_Hap_1;PART_B_Hap_1;PART_C_Hap_1;PART_D_Hap_1;PART_E_Hap_1;PART_F_Hap_1	-	6	22
C_IL082_18	SRR10396016	SAMN13199423	Vendor_A	-	PART_A_Hap_1;PART_B_Hap_1	-	-	-	PART_A_Hap_1;PART_B_Hap_1;PART_C_Hap_1;PART_D_Hap_1;PART_E_Hap_1;PART_F_Hap_1	PART_A_Hap_1;PART_B_Hap_1;PART_C_Hap_1;PART_D_Hap_1;PART_E_Hap_1;PART_F_Hap_1	Mt_Cmt199.A_Hap_17	4	15
C_IL085_18	SRR10396020	SAMN13199420	Vendor_A	-	-	-	-	PART_A_Hap_5;PART_B_Hap_1;PART_B_Hap_2;PART_C_Hap_2;PART_D_Hap_4;PART_D_Hap_7	PART_A_Hap_1;PART_B_Hap_1;PART_C_Hap_1;PART_C_Hap_2;PART_D_Hap_1;PART_E_Hap_1;PART_F_Hap_1	PART_A_Hap_1;PART_B_Hap_1;PART_C_Hap_1;PART_D_Hap_1;PART_E_Hap_1;PART_F_Hap_1	Mt_Cmt199.A_Hap_17	4	20
C_IL086_18	SRR10396021	SAMN13199419	Vendor_A	PART_A_Hap_2;PART_B_Hap_2	PART_A_Hap_1	PART_A_Hap_1;PART_B_Hap_1	-	PART_A_Hap_4;PART_A_Hap_5;PART_B_Hap_1;PART_B_Hap_2;PART_C_Hap_2;PART_D_Hap_4;PART_D_Hap_7	PART_A_Hap_1;PART_B_Hap_1;PART_C_Hap_1;PART_C_Hap_2;PART_D_Hap_1;PART_E_Hap_1;PART_F_Hap_1	PART_A_Hap_1;PART_B_Hap_1;PART_C_Hap_1;PART_D_Hap_1;PART_E_Hap_1;PART_F_Hap_1	-	6	25
C_IL087_18	SRR10396022	SAMN13199418	Vendor_A	PART_A_Hap_2;PART_B_Hap_2	PART_A_Hap_1	-	-	PART_A_Hap_4;PART_A_Hap_5;PART_B_Hap_1;PART_B_Hap_2;PART_C_Hap_2;PART_D_Hap_4;PART_D_Hap_7	PART_A_Hap_1;PART_B_Hap_1;PART_C_Hap_1;PART_C_Hap_2;PART_D_Hap_1;PART_E_Hap_1;PART_F_Hap_1	PART_A_Hap_1;PART_B_Hap_1;PART_C_Hap_1;PART_D_Hap_1;PART_E_Hap_1;PART_F_Hap_1	-	5	23
C_IL097_18	SRR10395577	SAMN13199408	Vendor_A	-	-	-	-	PART_A_Hap_4;PART_A_Hap_5;PART_B_Hap_1;PART_B_Hap_2;PART_C_Hap_2;PART_D_Hap_4	PART_A_Hap_1;PART_B_Hap_1;PART_C_Hap_2;PART_D_Hap_1;PART_E_Hap_1	PART_A_Hap_1;PART_B_Hap_1;PART_C_Hap_1;PART_D_Hap_1;PART_E_Hap_1;PART_F_Hap_1	Mt_Cmt199.A_Hap_17	4	18
C_IL099_18	SRR10395579	SAMN13199406	Vendor_A	-	PART_B_Hap_1	PART_A_Hap_1	-	PART_A_Hap_4;PART_A_Hap_5;PART_B_Hap_1;PART_B_Hap_2;PART_C_Hap_2;PART_D_Hap_4;PART_D_Hap_7	PART_A_Hap_1;PART_B_Hap_1;PART_C_Hap_1;PART_C_Hap_2;PART_D_Hap_1;PART_E_Hap_1;PART_F_Hap_1	PART_A_Hap_1;PART_B_Hap_1;PART_C_Hap_1;PART_D_Hap_1;PART_E_Hap_1;PART_F_Hap_1	Mt_Cmt199.A_Hap_17	6	23
C_IL113_18	SRR10395595	SAMN13199392	Vendor_A	-	-	-	-	PART_B_Hap_1;PART_B_Hap_2;PART_C_Hap_2;PART_D_Hap_4;PART_D_Hap_7	PART_A_Hap_1;PART_B_Hap_1;PART_C_Hap_1;PART_C_Hap_2;PART_D_Hap_1;PART_E_Hap_1	PART_A_Hap_1;PART_B_Hap_1;PART_C_Hap_1;PART_D_Hap_1;PART_E_Hap_1;PART_F_Hap_1	Mt_Cmt199.A_Hap_17	4	18
C_IL119_18	SRR10395657	SAMN13199386	Vendor_A	PART_B_Hap_2	PART_A_Hap_1;PART_B_Hap_1	PART_A_Hap_1;PART_B_Hap_1	-	-	-	PART_B_Hap_1;PART_C_Hap_1;PART_D_Hap_1;PART_E_Hap_1	Mt_Cmt199.A_Hap_17	5	10
C_IL120_18	SRR10395658	SAMN13199385	Vendor_A	-	-	PART_A_Hap_1	-	PART_A_Hap_4;PART_A_Hap_5;PART_B_Hap_1;PART_B_Hap_2;PART_C_Hap_2;PART_D_Hap_4;PART_D_Hap_7	PART_A_Hap_1;PART_B_Hap_1;PART_C_Hap_1;PART_C_Hap_2;PART_D_Hap_1;PART_E_Hap_1;PART_F_Hap_1	PART_A_Hap_1;PART_B_Hap_1;PART_C_Hap_1;PART_D_Hap_1;PART_E_Hap_1;PART_F_Hap_1	-	4	21
C_IL126_18	SRR10395665	SAMN13199379	Vendor_A	-	-	PART_B_Hap_1	-	PART_A_Hap_4;PART_A_Hap_5;PART_B_Hap_1;PART_B_Hap_2;PART_C_Hap_2;PART_D_Hap_4;PART_D_Hap_7	PART_A_Hap_1;PART_B_Hap_1;PART_C_Hap_2;PART_D_Hap_1;PART_E_Hap_1	PART_A_Hap_1;PART_B_Hap_1;PART_C_Hap_1;PART_D_Hap_1;PART_E_Hap_1;PART_F_Hap_1	Mt_Cmt199.A_Hap_17	5	20
C_MO003_18	SRR10396309	SAMN13199265	Vendor_A	PART_A_Hap_2;PART_B_Hap_2	PART_A_Hap_1;PART_B_Hap_1	PART_A_Hap_1;PART_B_Hap_1	PART_A_Hap_2;PART_B_Hap_2	PART_A_Hap_4;PART_A_Hap_5;PART_B_Hap_1;PART_B_Hap_2;PART_C_Hap_2;PART_D_Hap_4;PART_D_Hap_7	PART_A_Hap_1;PART_B_Hap_1;PART_C_Hap_1;PART_C_Hap_2;PART_D_Hap_1;PART_E_Hap_1;PART_F_Hap_1	PART_A_Hap_1;PART_B_Hap_1;PART_C_Hap_1;PART_D_Hap_1;PART_E_Hap_1;PART_F_Hap_1	-	7	28
C_OH003_18	SRR10395945	SAMN13199235	Vendor_A	PART_A_Hap_2;PART_B_Hap_2	PART_A_Hap_1;PART_B_Hap_1	PART_A_Hap_1;PART_B_Hap_1	-	PART_A_Hap_4;PART_A_Hap_5;PART_B_Hap_1;PART_B_Hap_2;PART_C_Hap_2;PART_D_Hap_4;PART_D_Hap_7	PART_A_Hap_1;PART_B_Hap_1;PART_C_Hap_1;PART_C_Hap_2;PART_D_Hap_1;PART_E_Hap_1;PART_F_Hap_1	PART_A_Hap_1;PART_B_Hap_1;PART_C_Hap_1;PART_D_Hap_1;PART_E_Hap_1;PART_F_Hap_1	Mt_Cmt199.A_Hap_17	7	27
C_OH006_18	SRR10395949	SAMN13199232	Vendor_A	-	PART_A_Hap_1;PART_B_Hap_1	-	-	PART_A_Hap_5;PART_B_Hap_2;PART_C_Hap_2;PART_D_Hap_7	-	PART_A_Hap_1;PART_B_Hap_1;PART_C_Hap_1;PART_D_Hap_1;PART_E_Hap_1;PART_F_Hap_1	Mt_Cmt199.A_Hap_17	4	13
C_OH014_18	SRR10395957	SAMN13199224	Vendor_A	-	PART_A_Hap_1;PART_B_Hap_1	PART_A_Hap_1;PART_B_Hap_1	-	PART_A_Hap_4;PART_A_Hap_5;PART_B_Hap_1;PART_B_Hap_2;PART_C_Hap_2;PART_D_Hap_4;PART_D_Hap_7	PART_A_Hap_1;PART_B_Hap_1;PART_C_Hap_2;PART_D_Hap_1;PART_E_Hap_1;PART_F_Hap_1	PART_A_Hap_1;PART_B_Hap_1;PART_C_Hap_1;PART_D_Hap_1;PART_E_Hap_1;PART_F_Hap_1	Mt_Cmt199.A_Hap_17	6	24
C_WI187_18	SRR10396166	SAMN13199066	Vendor_A	PART_A_Hap_2;PART_B_Hap_2	PART_A_Hap_1;PART_B_Hap_1	PART_A_Hap_1;PART_B_Hap_1	PART_A_Hap_2;PART_B_Hap_2	PART_A_Hap_4;PART_A_Hap_5;PART_B_Hap_1;PART_B_Hap_2;PART_C_Hap_2;PART_D_Hap_4;PART_D_Hap_7	PART_A_Hap_1;PART_B_Hap_1;PART_C_Hap_1;PART_C_Hap_2;PART_D_Hap_1;PART_E_Hap_1;PART_F_Hap_1	PART_A_Hap_1;PART_B_Hap_1;PART_C_Hap_1;PART_D_Hap_1;PART_E_Hap_1;PART_F_Hap_1	Mt_Cmt199.A_Hap_17	8	29
C_WI194_18	SRR10395798	SAMN13199059	Vendor_A	PART_B_Hap_2	PART_A_Hap_1	-	-	PART_A_Hap_4;PART_A_Hap_5;PART_B_Hap_1;PART_B_Hap_2;PART_C_Hap_2;PART_D_Hap_4;PART_D_Hap_7	PART_A_Hap_1;PART_B_Hap_1;PART_C_Hap_1;PART_D_Hap_1;PART_E_Hap_1;PART_F_Hap_1	PART_A_Hap_1;PART_B_Hap_1;PART_C_Hap_1;PART_D_Hap_1;PART_E_Hap_1;PART_F_Hap_1	Mt_Cmt199.A_Hap_17	6	22
C_WI197_18	SRR10395801	SAMN13199056	Vendor_A	PART_A_Hap_2;PART_B_Hap_2	PART_A_Hap_1;PART_B_Hap_1	PART_A_Hap_1;PART_B_Hap_1	PART_A_Hap_2;PART_B_Hap_2	PART_A_Hap_4;PART_A_Hap_5;PART_B_Hap_1;PART_B_Hap_2;PART_C_Hap_2;PART_D_Hap_4;PART_D_Hap_7	PART_A_Hap_1;PART_B_Hap_1;PART_C_Hap_1;PART_C_Hap_2;PART_D_Hap_1;PART_E_Hap_1;PART_F_Hap_1	PART_A_Hap_1;PART_B_Hap_1;PART_C_Hap_1;PART_D_Hap_1;PART_E_Hap_1;PART_F_Hap_1	Mt_Cmt199.A_Hap_17	8	29
C_WI198_18	SRR10395802	SAMN13199055	Vendor_A	PART_A_Hap_2;PART_B_Hap_2	PART_A_Hap_1;PART_B_Hap_1	PART_A_Hap_1;PART_B_Hap_1	PART_A_Hap_2;PART_B_Hap_2	PART_A_Hap_4;PART_A_Hap_5;PART_B_Hap_1;PART_B_Hap_2;PART_C_Hap_2;PART_D_Hap_4;PART_D_Hap_7	PART_A_Hap_1;PART_B_Hap_1;PART_C_Hap_1;PART_C_Hap_2;PART_D_Hap_1;PART_E_Hap_1;PART_F_Hap_1	PART_A_Hap_1;PART_B_Hap_1;PART_C_Hap_1;PART_D_Hap_1;PART_E_Hap_1;PART_F_Hap_1	Mt_Cmt199.A_Hap_17	8	29
C_WI200_18	SRR10395804	SAMN13199053	Vendor_A	-	-	PART_A_Hap_1;PART_B_Hap_1	-	PART_A_Hap_5;PART_B_Hap_2;PART_C_Hap_2;PART_D_Hap_7	-	PART_A_Hap_1;PART_B_Hap_1;PART_C_Hap_1;PART_D_Hap_1;PART_E_Hap_1;PART_F_Hap_1	Mt_Cmt199.A_Hap_17	4	13
C_WI208_18	SRR10395813	SAMN13199045	Vendor_A	PART_A_Hap_2;PART_B_Hap_2	PART_A_Hap_1;PART_B_Hap_1	PART_A_Hap_1;PART_B_Hap_1	PART_A_Hap_2;PART_B_Hap_2	PART_A_Hap_4;PART_A_Hap_5;PART_B_Hap_1;PART_B_Hap_2;PART_C_Hap_2;PART_D_Hap_4;PART_D_Hap_7	PART_A_Hap_1;PART_B_Hap_1;PART_C_Hap_1;PART_C_Hap_2;PART_D_Hap_1;PART_E_Hap_1;PART_F_Hap_1	PART_A_Hap_1;PART_B_Hap_1;PART_C_Hap_1;PART_D_Hap_1;PART_E_Hap_1;PART_F_Hap_1	-	7	28
S_MN020_18	SRR10412687	SAMN13231174	Vendor_A	PART_A_Hap_2;PART_B_Hap_2	PART_A_Hap_1;PART_B_Hap_1	PART_A_Hap_1;PART_B_Hap_1	PART_A_Hap_2;PART_B_Hap_2	PART_A_Hap_4;PART_A_Hap_5;PART_B_Hap_1;PART_B_Hap_2;PART_C_Hap_2;PART_D_Hap_4;PART_D_Hap_7	PART_A_Hap_1;PART_B_Hap_1;PART_C_Hap_1;PART_C_Hap_2;PART_D_Hap_1;PART_E_Hap_1;PART_F_Hap_1	PART_A_Hap_1;PART_B_Hap_1;PART_C_Hap_1;PART_D_Hap_1;PART_E_Hap_1;PART_F_Hap_1	-	7	28
S_MN023_18	SRR10412690	SAMN13231171	Vendor_A	PART_A_Hap_2;PART_B_Hap_2	PART_A_Hap_1;PART_B_Hap_1	PART_A_Hap_1;PART_B_Hap_1	PART_A_Hap_2;PART_B_Hap_2	PART_A_Hap_4;PART_A_Hap_5;PART_B_Hap_1;PART_B_Hap_2;PART_C_Hap_2;PART_D_Hap_4;PART_D_Hap_7	PART_A_Hap_1;PART_B_Hap_1;PART_C_Hap_1;PART_C_Hap_2;PART_D_Hap_1;PART_E_Hap_1;PART_F_Hap_1	PART_A_Hap_1;PART_B_Hap_1;PART_C_Hap_1;PART_D_Hap_1;PART_E_Hap_1;PART_F_Hap_1	Mt_Cmt199.A_Hap_17	8	29
C_IA013_18	SRR10395970	SAMN13199666	Vendor_B	-	-	-	-	PART_A_Hap_4;PART_A_Hap_5;PART_B_Hap_1;PART_B_Hap_2;PART_C_Hap_2;PART_D_Hap_2;PART_D_Hap_4	PART_A_Hap_1;PART_B_Hap_1;PART_C_Hap_1;PART_C_Hap_2;PART_D_Hap_1;PART_E_Hap_1;PART_F_Hap_1	PART_A_Hap_1;PART_B_Hap_1;PART_C_Hap_1;PART_D_Hap_1;PART_E_Hap_1;PART_F_Hap_1	Mt_Cmt169.A_Hap_8	4	21
C_IA018_18	SRR10395976	SAMN13199661	Vendor_B	PART_A_Hap_1;PART_B_Hap_1	PART_A_Hap_1;PART_B_Hap_1	PART_A_Hap_1;PART_B_Hap_1	PART_A_Hap_1	PART_A_Hap_4;PART_A_Hap_5;PART_B_Hap_1;PART_B_Hap_2;PART_C_Hap_2;PART_D_Hap_2;PART_D_Hap_4	PART_A_Hap_1;PART_B_Hap_1;PART_C_Hap_1;PART_C_Hap_2;PART_D_Hap_1;PART_E_Hap_1;PART_F_Hap_1	PART_A_Hap_1;PART_B_Hap_1;PART_C_Hap_1;PART_D_Hap_1;PART_E_Hap_1;PART_F_Hap_1	Mt_Cmt169.A_Hap_8	8	28
C_IA059_18	SRR10395566	SAMN13199620	Vendor_B	PART_A_Hap_1;PART_B_Hap_1	PART_A_Hap_1;PART_B_Hap_1	PART_A_Hap_1;PART_B_Hap_1	PART_A_Hap_1	-	PART_A_Hap_1;PART_B_Hap_1;PART_C_Hap_1;PART_D_Hap_1;PART_E_Hap_1;PART_F_Hap_1	PART_A_Hap_1;PART_B_Hap_1;PART_C_Hap_1;PART_D_Hap_1;PART_E_Hap_1;PART_F_Hap_1	Mt_Cmt169.A_Hap_8	7	20
C_WI008_18	SRR10396237	SAMN13199734	Vendor_B	-	-	-	-	PART_A_Hap_5;PART_B_Hap_1;PART_B_Hap_2;PART_C_Hap_2;PART_D_Hap_2;PART_D_Hap_4	PART_A_Hap_1;PART_B_Hap_1;PART_C_Hap_1;PART_C_Hap_2;PART_D_Hap_1;PART_E_Hap_1;PART_F_Hap_1	PART_A_Hap_1;PART_B_Hap_1;PART_C_Hap_1;PART_D_Hap_1;PART_E_Hap_1;PART_F_Hap_1	Mt_Cmt169.A_Hap_8	4	20
C_WI011_18	SRR10396241	SAMN13199731	Vendor_B	-	-	PART_A_Hap_1;PART_B_Hap_1	-	PART_A_Hap_4;PART_A_Hap_5;PART_B_Hap_1;PART_B_Hap_2;PART_C_Hap_2;PART_D_Hap_2;PART_D_Hap_4	PART_A_Hap_1;PART_B_Hap_1;PART_C_Hap_1;PART_C_Hap_2;PART_D_Hap_1;PART_E_Hap_1;PART_F_Hap_1	PART_A_Hap_1;PART_B_Hap_1;PART_C_Hap_1;PART_D_Hap_1;PART_E_Hap_1;PART_F_Hap_1	Mt_Cmt169.A_Hap_8	5	23
C_WI020_18	SRR10395601	SAMN13199184	Vendor_B	PART_B_Hap_1	-	PART_A_Hap_1;PART_B_Hap_1	-	PART_A_Hap_4;PART_A_Hap_5;PART_B_Hap_1;PART_B_Hap_2;PART_C_Hap_2;PART_D_Hap_2;PART_D_Hap_4	PART_A_Hap_1;PART_B_Hap_1;PART_C_Hap_1;PART_C_Hap_2;PART_D_Hap_1;PART_E_Hap_1;PART_F_Hap_1	PART_A_Hap_1;PART_B_Hap_1;PART_C_Hap_1;PART_D_Hap_1;PART_E_Hap_1;PART_F_Hap_1	Mt_Cmt169.A_Hap_8	6	24
C_WI024_18	SRR10395606	SAMN13199180	Vendor_B	-	-	-	-	PART_A_Hap_4;PART_A_Hap_5;PART_B_Hap_1;PART_B_Hap_2;PART_C_Hap_2;PART_D_Hap_2;PART_D_Hap_4	PART_A_Hap_1;PART_B_Hap_1;PART_C_Hap_1;PART_C_Hap_2;PART_D_Hap_1;PART_E_Hap_1;PART_F_Hap_1	PART_A_Hap_1;PART_B_Hap_1;PART_C_Hap_1;PART_D_Hap_1;PART_E_Hap_1;PART_F_Hap_1	Mt_Cmt169.A_Hap_8	4	21
C_WI026_18	SRR10395608	SAMN13199178	Vendor_B	PART_A_Hap_1;PART_B_Hap_1	PART_A_Hap_1;PART_B_Hap_1	PART_A_Hap_1;PART_B_Hap_1	PART_A_Hap_1;PART_B_Hap_1	PART_A_Hap_4;PART_A_Hap_5;PART_B_Hap_1;PART_B_Hap_2;PART_C_Hap_2;PART_D_Hap_2;PART_D_Hap_4	PART_A_Hap_1;PART_B_Hap_1;PART_C_Hap_1;PART_C_Hap_2;PART_D_Hap_1;PART_E_Hap_1;PART_F_Hap_1	PART_A_Hap_1;PART_B_Hap_1;PART_C_Hap_1;PART_D_Hap_1;PART_E_Hap_1;PART_F_Hap_1	Mt_Cmt169.A_Hap_8	8	29
C_WI031_18	SRR10395613	SAMN13199173	Vendor_B	PART_B_Hap_1	-	PART_A_Hap_1;PART_B_Hap_1	-	PART_A_Hap_4;PART_A_Hap_5;PART_B_Hap_1;PART_B_Hap_2;PART_C_Hap_2;PART_D_Hap_2;PART_D_Hap_4	PART_A_Hap_1;PART_B_Hap_1;PART_C_Hap_1;PART_C_Hap_2;PART_D_Hap_1;PART_E_Hap_1;PART_F_Hap_1	PART_A_Hap_1;PART_B_Hap_1;PART_C_Hap_1;PART_D_Hap_1;PART_E_Hap_1;PART_F_Hap_1	Mt_Cmt169.A_Hap_8	6	24
C_WI033_18	SRR10395616	SAMN13199171	Vendor_B	PART_A_Hap_1	-	PART_A_Hap_1;PART_B_Hap_1	-	PART_A_Hap_4;PART_A_Hap_5;PART_B_Hap_1;PART_B_Hap_2;PART_C_Hap_2;PART_D_Hap_2;PART_D_Hap_4	PART_A_Hap_1;PART_B_Hap_1;PART_C_Hap_1;PART_C_Hap_2;PART_D_Hap_1;PART_E_Hap_1;PART_F_Hap_1	PART_A_Hap_1;PART_B_Hap_1;PART_C_Hap_1;PART_D_Hap_1;PART_E_Hap_1;PART_F_Hap_1	Mt_Cmt169.A_Hap_8	6	24
C_WI036_18	SRR10395619	SAMN13199168	Vendor_B	-	-	-	-	PART_A_Hap_4;PART_A_Hap_5;PART_B_Hap_1;PART_B_Hap_2;PART_C_Hap_2;PART_D_Hap_2;PART_D_Hap_4	PART_A_Hap_1;PART_B_Hap_1;PART_C_Hap_1;PART_C_Hap_2;PART_D_Hap_1;PART_E_Hap_1	PART_A_Hap_1;PART_B_Hap_1;PART_C_Hap_1;PART_D_Hap_1;PART_E_Hap_1;PART_F_Hap_1	Mt_Cmt169.A_Hap_8	4	20
C_WI037_18	SRR10395620	SAMN13199167	Vendor_B	-	-	-	-	PART_A_Hap_4;PART_A_Hap_5;PART_B_Hap_1;PART_B_Hap_2;PART_C_Hap_2;PART_D_Hap_2;PART_D_Hap_4	PART_A_Hap_1;PART_B_Hap_1;PART_C_Hap_1;PART_C_Hap_2;PART_D_Hap_1;PART_E_Hap_1	PART_A_Hap_1;PART_B_Hap_1;PART_C_Hap_1;PART_D_Hap_1;PART_E_Hap_1;PART_F_Hap_1	Mt_Cmt169.A_Hap_8	4	20
C_WI038_18	SRR10395621	SAMN13199166	Vendor_B	-	-	PART_A_Hap_1;PART_B_Hap_1	-	PART_A_Hap_4;PART_A_Hap_5;PART_B_Hap_1;PART_B_Hap_2;PART_C_Hap_2;PART_D_Hap_2;PART_D_Hap_4	PART_A_Hap_1;PART_B_Hap_1;PART_C_Hap_1;PART_C_Hap_2;PART_D_Hap_1;PART_E_Hap_1;PART_F_Hap_1	PART_A_Hap_1;PART_B_Hap_1;PART_C_Hap_1;PART_D_Hap_1;PART_E_Hap_1;PART_F_Hap_1	Mt_Cmt169.A_Hap_8	5	23
C_WI039_18	SRR10395622	SAMN13199165	Vendor_B	PART_B_Hap_1	-	PART_A_Hap_1	-	PART_A_Hap_4;PART_A_Hap_5;PART_B_Hap_1;PART_B_Hap_2;PART_C_Hap_2;PART_D_Hap_2;PART_D_Hap_4	PART_A_Hap_1;PART_B_Hap_1;PART_C_Hap_1;PART_C_Hap_2;PART_D_Hap_1;PART_E_Hap_1;PART_F_Hap_1	PART_A_Hap_1;PART_B_Hap_1;PART_C_Hap_1;PART_D_Hap_1;PART_E_Hap_1;PART_F_Hap_1	-	5	22
C_WI040_18	SRR10395623	SAMN13199164	Vendor_B	-	-	PART_A_Hap_1;PART_B_Hap_1	-	PART_A_Hap_4;PART_A_Hap_5;PART_B_Hap_1;PART_B_Hap_2;PART_C_Hap_2;PART_D_Hap_2;PART_D_Hap_4	PART_A_Hap_1;PART_B_Hap_1;PART_C_Hap_1;PART_C_Hap_2;PART_D_Hap_1;PART_E_Hap_1;PART_F_Hap_1	PART_A_Hap_1;PART_B_Hap_1;PART_C_Hap_1;PART_D_Hap_1;PART_E_Hap_1;PART_F_Hap_1	Mt_Cmt169.A_Hap_8	5	23
C_WI041_18	SRR10395624	SAMN13199163	Vendor_B	-	-	PART_A_Hap_1	-	PART_A_Hap_4;PART_A_Hap_5;PART_B_Hap_1;PART_B_Hap_2;PART_C_Hap_2;PART_D_Hap_2;PART_D_Hap_4	PART_A_Hap_1;PART_B_Hap_1;PART_C_Hap_1;PART_C_Hap_2;PART_D_Hap_1;PART_E_Hap_1;PART_F_Hap_1	PART_A_Hap_1;PART_B_Hap_1;PART_C_Hap_1;PART_D_Hap_1;PART_E_Hap_1;PART_F_Hap_1	-	4	21
C_WI092_18	SRR10395684	SAMN13199160	Vendor_B	PART_A_Hap_1;PART_B_Hap_1	PART_A_Hap_1;PART_B_Hap_1	PART_A_Hap_1;PART_B_Hap_1	PART_A_Hap_1	PART_A_Hap_4;PART_A_Hap_5;PART_B_Hap_1;PART_B_Hap_2;PART_C_Hap_2;PART_D_Hap_2;PART_D_Hap_4	PART_A_Hap_1;PART_B_Hap_1;PART_C_Hap_1;PART_C_Hap_2;PART_D_Hap_1;PART_D_Hap_5;PART_E_Hap_1;PART_F_Hap_1	PART_A_Hap_1;PART_B_Hap_1;PART_C_Hap_1;PART_D_Hap_1;PART_E_Hap_1;PART_F_Hap_1	-	7	28
C_WI093_18	SRR10395685	SAMN13199159	Vendor_B	PART_A_Hap_1;PART_B_Hap_1	PART_A_Hap_1;PART_B_Hap_1	PART_A_Hap_1;PART_B_Hap_1	PART_A_Hap_1	PART_A_Hap_4;PART_A_Hap_5;PART_B_Hap_1;PART_B_Hap_2;PART_C_Hap_2;PART_D_Hap_2;PART_D_Hap_4	PART_A_Hap_1;PART_B_Hap_1;PART_C_Hap_1;PART_C_Hap_2;PART_D_Hap_1;PART_E_Hap_1;PART_F_Hap_1	PART_A_Hap_1;PART_B_Hap_1;PART_C_Hap_1;PART_D_Hap_1;PART_E_Hap_1;PART_F_Hap_1	-	7	27
C_WI094_18	SRR10395686	SAMN13199158	Vendor_B	PART_A_Hap_1;PART_B_Hap_1	PART_A_Hap_1;PART_B_Hap_1	PART_A_Hap_1;PART_B_Hap_1	-	PART_A_Hap_4;PART_B_Hap_1;PART_C_Hap_2;PART_D_Hap_4	PART_A_Hap_1;PART_B_Hap_1;PART_C_Hap_1;PART_C_Hap_2;PART_D_Hap_1;PART_E_Hap_1;PART_F_Hap_1	PART_A_Hap_1;PART_B_Hap_1;PART_C_Hap_1;PART_D_Hap_1;PART_E_Hap_1;PART_F_Hap_1	Mt_Cmt169.A_Hap_8	7	24
C_WI095_18	SRR10395687	SAMN13199157	Vendor_B	-	PART_A_Hap_1;PART_B_Hap_1	PART_A_Hap_1;PART_B_Hap_1	-	PART_A_Hap_4;PART_A_Hap_5;PART_B_Hap_1;PART_B_Hap_2;PART_C_Hap_2;PART_D_Hap_2;PART_D_Hap_4	PART_A_Hap_1;PART_B_Hap_1;PART_C_Hap_1;PART_C_Hap_2;PART_D_Hap_1;PART_E_Hap_1;PART_F_Hap_1	PART_A_Hap_1;PART_B_Hap_1;PART_C_Hap_1;PART_D_Hap_1;PART_E_Hap_1;PART_F_Hap_1	-	5	24
C_WI096_18	SRR10395688	SAMN13199156	Vendor_B	PART_A_Hap_1;PART_B_Hap_1	PART_A_Hap_1;PART_B_Hap_1	PART_A_Hap_1;PART_B_Hap_1	PART_A_Hap_1;PART_B_Hap_1	PART_A_Hap_4;PART_A_Hap_5;PART_B_Hap_1;PART_B_Hap_2;PART_C_Hap_2;PART_D_Hap_2;PART_D_Hap_4	PART_A_Hap_1;PART_B_Hap_1;PART_C_Hap_1;PART_C_Hap_2;PART_D_Hap_1;PART_E_Hap_1;PART_F_Hap_1	PART_A_Hap_1;PART_B_Hap_1;PART_C_Hap_1;PART_D_Hap_1;PART_E_Hap_1;PART_F_Hap_1	Mt_Cmt169.A_Hap_8	8	29
C_WI097_18	SRR10395689	SAMN13199155	Vendor_B	PART_A_Hap_1;PART_B_Hap_1	PART_A_Hap_1;PART_B_Hap_1	PART_A_Hap_1;PART_B_Hap_1	PART_A_Hap_1	PART_A_Hap_4;PART_A_Hap_5;PART_B_Hap_1;PART_B_Hap_2;PART_C_Hap_2;PART_D_Hap_2;PART_D_Hap_4	PART_A_Hap_1;PART_B_Hap_1;PART_C_Hap_1;PART_C_Hap_2;PART_D_Hap_1;PART_E_Hap_1;PART_F_Hap_1	PART_A_Hap_1;PART_B_Hap_1;PART_C_Hap_1;PART_D_Hap_1;PART_E_Hap_1;PART_F_Hap_1	Mt_Cmt169.A_Hap_8	8	28
C_WI098_18	SRR10395690	SAMN13199154	Vendor_B	PART_A_Hap_1;PART_B_Hap_1	PART_A_Hap_1;PART_B_Hap_1	PART_A_Hap_1;PART_B_Hap_1	-	PART_A_Hap_4;PART_A_Hap_5;PART_B_Hap_1;PART_B_Hap_2;PART_C_Hap_2;PART_D_Hap_2;PART_D_Hap_4	PART_A_Hap_1;PART_B_Hap_1;PART_C_Hap_1;PART_C_Hap_2;PART_D_Hap_1;PART_E_Hap_1;PART_F_Hap_1	PART_A_Hap_1;PART_B_Hap_1;PART_C_Hap_1;PART_D_Hap_1;PART_E_Hap_1;PART_F_Hap_1	Mt_Cmt169.A_Hap_8	7	27
C_WI099_18	SRR10395691	SAMN13199153	Vendor_B	PART_A_Hap_1;PART_B_Hap_1	PART_A_Hap_1;PART_B_Hap_1	PART_A_Hap_1;PART_B_Hap_1	PART_A_Hap_1;PART_B_Hap_1	PART_A_Hap_4;PART_A_Hap_5;PART_B_Hap_1;PART_B_Hap_2;PART_C_Hap_2;PART_D_Hap_2;PART_D_Hap_4	PART_A_Hap_1;PART_B_Hap_1;PART_C_Hap_1;PART_C_Hap_2;PART_D_Hap_1;PART_E_Hap_1;PART_F_Hap_1	PART_A_Hap_1;PART_B_Hap_1;PART_C_Hap_1;PART_D_Hap_1;PART_E_Hap_1;PART_F_Hap_1	-	7	28
C_WI100_18	SRR10395693	SAMN13199152	Vendor_B	PART_A_Hap_1;PART_B_Hap_1	PART_A_Hap_1;PART_B_Hap_1	PART_A_Hap_1;PART_B_Hap_1	-	PART_A_Hap_4;PART_A_Hap_5;PART_B_Hap_1;PART_B_Hap_2;PART_C_Hap_2;PART_D_Hap_2;PART_D_Hap_4	PART_A_Hap_1;PART_B_Hap_1;PART_C_Hap_1;PART_C_Hap_2;PART_D_Hap_1;PART_E_Hap_1;PART_F_Hap_1	PART_A_Hap_1;PART_B_Hap_1;PART_C_Hap_1;PART_D_Hap_1;PART_E_Hap_1;PART_F_Hap_1	-	6	26
C_WI101_18	SRR10395694	SAMN13199151	Vendor_B	PART_A_Hap_1;PART_B_Hap_1	PART_A_Hap_1;PART_B_Hap_1	PART_A_Hap_1;PART_B_Hap_1	PART_A_Hap_1;PART_B_Hap_1	PART_A_Hap_4;PART_A_Hap_5;PART_B_Hap_1;PART_B_Hap_2;PART_C_Hap_2;PART_D_Hap_2;PART_D_Hap_4	PART_A_Hap_1;PART_B_Hap_1;PART_C_Hap_1;PART_D_Hap_1;PART_E_Hap_1;PART_F_Hap_1	PART_A_Hap_1;PART_B_Hap_1;PART_C_Hap_1;PART_D_Hap_1;PART_E_Hap_1;PART_F_Hap_1	-	7	27
C_WI102_18	SRR10395695	SAMN13199150	Vendor_B	PART_A_Hap_1;PART_B_Hap_1	PART_A_Hap_1;PART_B_Hap_1	PART_A_Hap_1;PART_B_Hap_1	PART_A_Hap_1;PART_B_Hap_1	PART_A_Hap_4;PART_A_Hap_5;PART_B_Hap_1;PART_B_Hap_2;PART_C_Hap_2;PART_D_Hap_2;PART_D_Hap_4	PART_A_Hap_1;PART_B_Hap_1;PART_C_Hap_1;PART_C_Hap_2;PART_D_Hap_1;PART_E_Hap_1;PART_F_Hap_1	PART_A_Hap_1;PART_B_Hap_1;PART_C_Hap_1;PART_D_Hap_1;PART_E_Hap_1;PART_F_Hap_1	-	7	28
C_WI103_18	SRR10395696	SAMN13199149	Vendor_B	PART_A_Hap_1;PART_B_Hap_1	PART_A_Hap_1;PART_B_Hap_1	PART_A_Hap_1;PART_B_Hap_1	-	PART_A_Hap_4;PART_A_Hap_5;PART_B_Hap_1;PART_B_Hap_2;PART_C_Hap_2;PART_D_Hap_2;PART_D_Hap_4	PART_A_Hap_1;PART_B_Hap_1;PART_C_Hap_2;PART_D_Hap_1;PART_E_Hap_1;PART_F_Hap_1	PART_A_Hap_1;PART_B_Hap_1;PART_C_Hap_1;PART_D_Hap_1;PART_E_Hap_1;PART_F_Hap_1	Mt_Cmt169.A_Hap_8	7	26
C_WI107_18	SRR10395700	SAMN13199145	Vendor_B	PART_A_Hap_1;PART_B_Hap_1	PART_A_Hap_1;PART_B_Hap_1	PART_A_Hap_1;PART_B_Hap_1	PART_A_Hap_1	PART_A_Hap_4;PART_A_Hap_5;PART_B_Hap_1;PART_B_Hap_2;PART_C_Hap_2;PART_D_Hap_2;PART_D_Hap_4	PART_A_Hap_1;PART_B_Hap_1;PART_C_Hap_1;PART_C_Hap_2;PART_D_Hap_1;PART_E_Hap_1;PART_F_Hap_1	PART_A_Hap_1;PART_B_Hap_1;PART_C_Hap_1;PART_D_Hap_1;PART_E_Hap_1;PART_F_Hap_1	Mt_Cmt169.A_Hap_8	8	28
C_WI109_18	SRR10395702	SAMN13199143	Vendor_B	PART_A_Hap_1;PART_B_Hap_1	PART_A_Hap_1;PART_B_Hap_1	PART_A_Hap_1;PART_B_Hap_1	PART_A_Hap_1;PART_B_Hap_1	PART_A_Hap_4;PART_A_Hap_5;PART_B_Hap_1;PART_B_Hap_2;PART_C_Hap_2;PART_D_Hap_2;PART_D_Hap_4	PART_A_Hap_1;PART_B_Hap_1;PART_C_Hap_1;PART_C_Hap_2;PART_D_Hap_1;PART_E_Hap_1;PART_F_Hap_1	PART_A_Hap_1;PART_B_Hap_1;PART_C_Hap_1;PART_D_Hap_1;PART_E_Hap_1;PART_F_Hap_1	Mt_Cmt169.A_Hap_8	8	29
C_WI111_18	SRR10395706	SAMN13199141	Vendor_B	-	-	-	-	PART_A_Hap_4;PART_A_Hap_5;PART_B_Hap_1;PART_B_Hap_2;PART_C_Hap_2;PART_D_Hap_2;PART_D_Hap_4	PART_A_Hap_1;PART_B_Hap_1;PART_C_Hap_1;PART_C_Hap_2;PART_D_Hap_1;PART_E_Hap_1;PART_F_Hap_1	PART_A_Hap_1;PART_B_Hap_1;PART_C_Hap_1;PART_D_Hap_1;PART_E_Hap_1;PART_F_Hap_1	Mt_Cmt169.A_Hap_8	4	21
C_WI114_18	SRR10395767	SAMN13199138	Vendor_B	PART_A_Hap_1;PART_B_Hap_1	PART_A_Hap_1;PART_B_Hap_1	PART_A_Hap_1;PART_B_Hap_1	PART_A_Hap_1	PART_A_Hap_4;PART_A_Hap_5;PART_B_Hap_1;PART_B_Hap_2;PART_C_Hap_2;PART_D_Hap_2;PART_D_Hap_4	PART_A_Hap_1;PART_B_Hap_1;PART_C_Hap_1;PART_C_Hap_2;PART_D_Hap_1;PART_E_Hap_1;PART_F_Hap_1	PART_A_Hap_1;PART_B_Hap_1;PART_C_Hap_1;PART_D_Hap_1;PART_E_Hap_1;PART_F_Hap_1	Mt_Cmt169.A_Hap_8	8	28
C_WI118_18	SRR10395771	SAMN13199134	Vendor_B	-	-	PART_A_Hap_1	-	PART_A_Hap_4;PART_A_Hap_5;PART_B_Hap_1;PART_B_Hap_2;PART_C_Hap_2;PART_D_Hap_2;PART_D_Hap_4	PART_A_Hap_1;PART_B_Hap_1;PART_C_Hap_1;PART_C_Hap_2;PART_D_Hap_1;PART_E_Hap_1	PART_A_Hap_1;PART_B_Hap_1;PART_C_Hap_1;PART_D_Hap_1;PART_E_Hap_1;PART_F_Hap_1	Mt_Cmt169.A_Hap_8	5	21
C_WI121_18	SRR10395775	SAMN13199131	Vendor_B	PART_A_Hap_1;PART_B_Hap_1	PART_A_Hap_1	PART_A_Hap_1;PART_B_Hap_1	-	PART_A_Hap_4;PART_A_Hap_5;PART_B_Hap_1;PART_B_Hap_2;PART_C_Hap_2;PART_D_Hap_2;PART_D_Hap_4	PART_B_Hap_1;PART_C_Hap_1;PART_D_Hap_1;PART_E_Hap_1	PART_A_Hap_1;PART_B_Hap_1;PART_C_Hap_1;PART_D_Hap_1;PART_E_Hap_1;PART_F_Hap_1	Mt_Cmt169.A_Hap_8	7	23
C_WI122_18	SRR10395776	SAMN13199130	Vendor_B	PART_A_Hap_1;PART_B_Hap_1	PART_A_Hap_1;PART_B_Hap_1	PART_A_Hap_1;PART_B_Hap_1	-	PART_A_Hap_4;PART_A_Hap_5;PART_B_Hap_1;PART_B_Hap_2;PART_C_Hap_2;PART_D_Hap_2;PART_D_Hap_4	PART_A_Hap_1;PART_B_Hap_1;PART_C_Hap_1;PART_C_Hap_2;PART_D_Hap_1;PART_E_Hap_1	PART_A_Hap_1;PART_B_Hap_1;PART_C_Hap_1;PART_D_Hap_1;PART_E_Hap_1;PART_F_Hap_1	Mt_Cmt169.A_Hap_8	7	26
C_WI123_18	SRR10395777	SAMN13199129	Vendor_B	-	-	-	-	PART_A_Hap_4;PART_A_Hap_5;PART_B_Hap_1;PART_B_Hap_2;PART_C_Hap_2;PART_D_Hap_2;PART_D_Hap_4	PART_A_Hap_1;PART_B_Hap_1;PART_C_Hap_1;PART_C_Hap_2;PART_D_Hap_1;PART_E_Hap_1;PART_F_Hap_1	PART_A_Hap_1;PART_B_Hap_1;PART_C_Hap_1;PART_D_Hap_1;PART_E_Hap_1;PART_F_Hap_1	Mt_Cmt169.A_Hap_8	4	21
C_WI125_18	SRR10395779	SAMN13199127	Vendor_B	PART_A_Hap_1;PART_B_Hap_1	-	PART_A_Hap_1;PART_B_Hap_1	-	PART_A_Hap_4;PART_A_Hap_5;PART_B_Hap_1;PART_B_Hap_2;PART_C_Hap_2;PART_D_Hap_2;PART_D_Hap_4	PART_A_Hap_1;PART_B_Hap_1;PART_C_Hap_1;PART_C_Hap_2;PART_D_Hap_1;PART_E_Hap_1	PART_A_Hap_1;PART_B_Hap_1;PART_C_Hap_1;PART_D_Hap_1;PART_E_Hap_1;PART_F_Hap_1	Mt_Cmt169.A_Hap_8	6	24
C_WI128_18	SRR10395782	SAMN13199124	Vendor_B	-	-	PART_A_Hap_1;PART_B_Hap_1	-	PART_A_Hap_4;PART_A_Hap_5;PART_B_Hap_1;PART_B_Hap_2;PART_C_Hap_2;PART_D_Hap_2;PART_D_Hap_4	PART_A_Hap_1;PART_B_Hap_1;PART_C_Hap_1;PART_C_Hap_2;PART_D_Hap_1;PART_E_Hap_1;PART_F_Hap_1	PART_A_Hap_1;PART_B_Hap_1;PART_C_Hap_1;PART_D_Hap_1;PART_E_Hap_1;PART_F_Hap_1	Mt_Cmt169.A_Hap_8	5	23
C_WI129_18	SRR10395783	SAMN13199123	Vendor_B	PART_A_Hap_1;PART_B_Hap_1	PART_A_Hap_1;PART_B_Hap_1	PART_A_Hap_1;PART_B_Hap_1	PART_A_Hap_1;PART_B_Hap_1	PART_A_Hap_4;PART_A_Hap_5;PART_B_Hap_1;PART_B_Hap_2;PART_C_Hap_2;PART_D_Hap_2;PART_D_Hap_4	PART_A_Hap_1;PART_B_Hap_1;PART_C_Hap_1;PART_C_Hap_2;PART_D_Hap_1;PART_E_Hap_1;PART_F_Hap_1	PART_A_Hap_1;PART_B_Hap_1;PART_C_Hap_1;PART_D_Hap_1;PART_E_Hap_1;PART_F_Hap_1	Mt_Cmt169.A_Hap_8	8	29
C_WI131_18	SRR10395786	SAMN13199121	Vendor_B	PART_A_Hap_1;PART_B_Hap_1	PART_A_Hap_1	PART_A_Hap_1;PART_B_Hap_1	PART_A_Hap_1	PART_A_Hap_4;PART_A_Hap_5;PART_B_Hap_1;PART_B_Hap_2;PART_C_Hap_2;PART_D_Hap_2;PART_D_Hap_4	PART_A_Hap_1;PART_B_Hap_1;PART_C_Hap_1;PART_C_Hap_2;PART_D_Hap_1;PART_E_Hap_1;PART_F_Hap_1	PART_A_Hap_1;PART_B_Hap_1;PART_C_Hap_1;PART_D_Hap_1;PART_E_Hap_1;PART_F_Hap_1	Mt_Cmt169.A_Hap_8	8	27
C_WI133_18	SRR10395788	SAMN13199119	Vendor_B	PART_A_Hap_1;PART_B_Hap_1	PART_A_Hap_1;PART_B_Hap_1	PART_A_Hap_1;PART_B_Hap_1	PART_A_Hap_1;PART_B_Hap_1	PART_A_Hap_4;PART_A_Hap_5;PART_B_Hap_1;PART_B_Hap_2;PART_C_Hap_2;PART_D_Hap_2;PART_D_Hap_4	PART_A_Hap_1;PART_B_Hap_1;PART_C_Hap_1;PART_C_Hap_2;PART_D_Hap_1;PART_E_Hap_1;PART_F_Hap_1	PART_A_Hap_1;PART_B_Hap_1;PART_C_Hap_1;PART_D_Hap_1;PART_E_Hap_1;PART_F_Hap_1	Mt_Cmt169.A_Hap_8	8	29
C_WI134_18	SRR10395789	SAMN13199118	Vendor_B	-	PART_A_Hap_1;PART_B_Hap_1	-	-	PART_A_Hap_4;PART_A_Hap_5;PART_B_Hap_1;PART_B_Hap_2;PART_C_Hap_2;PART_D_Hap_2;PART_D_Hap_4	-	PART_A_Hap_1;PART_B_Hap_1;PART_C_Hap_1;PART_D_Hap_1;PART_E_Hap_1;PART_F_Hap_1	Mt_Cmt169.A_Hap_8	4	16
C_WI135_18	SRR10395790	SAMN13199117	Vendor_B	-	PART_A_Hap_1	PART_A_Hap_1;PART_B_Hap_1	PART_A_Hap_1	PART_A_Hap_4;PART_A_Hap_5;PART_B_Hap_1;PART_B_Hap_2;PART_C_Hap_2;PART_D_Hap_2;PART_D_Hap_4	PART_A_Hap_1;PART_B_Hap_1;PART_C_Hap_1;PART_C_Hap_2;PART_D_Hap_1;PART_E_Hap_1;PART_F_Hap_1	PART_A_Hap_1;PART_B_Hap_1;PART_C_Hap_1;PART_D_Hap_1;PART_E_Hap_1;PART_F_Hap_1	-	6	24
C_WI138_18	SRR10395793	SAMN13199114	Vendor_B	-	-	PART_A_Hap_1;PART_B_Hap_1	-	PART_A_Hap_4;PART_A_Hap_5;PART_B_Hap_1;PART_B_Hap_2;PART_C_Hap_2;PART_D_Hap_2;PART_D_Hap_4	PART_A_Hap_1;PART_B_Hap_1;PART_C_Hap_1;PART_C_Hap_2;PART_D_Hap_1;PART_E_Hap_1	PART_A_Hap_1;PART_B_Hap_1;PART_C_Hap_1;PART_D_Hap_1;PART_E_Hap_1;PART_F_Hap_1	Mt_Cmt169.A_Hap_8	5	22
C_WI150_18	SRR10396341	SAMN13199102	Vendor_B	PART_A_Hap_1;PART_B_Hap_1	-	-	-	PART_A_Hap_5;PART_B_Hap_1;PART_B_Hap_2;PART_C_Hap_2;PART_D_Hap_2;PART_D_Hap_4	PART_A_Hap_1;PART_B_Hap_1;PART_C_Hap_1;PART_C_Hap_2;PART_D_Hap_1;PART_E_Hap_1;PART_F_Hap_1	PART_A_Hap_1;PART_B_Hap_1;PART_C_Hap_1;PART_D_Hap_1;PART_E_Hap_1;PART_F_Hap_1	Mt_Cmt169.A_Hap_8	5	22
C_WI159_18	SRR10396350	SAMN13199093	Vendor_B	PART_A_Hap_1;PART_B_Hap_1	-	PART_A_Hap_1;PART_B_Hap_1	-	PART_A_Hap_4;PART_A_Hap_5;PART_B_Hap_1;PART_B_Hap_2;PART_C_Hap_2;PART_D_Hap_2;PART_D_Hap_4	PART_A_Hap_1;PART_B_Hap_1;PART_B_Hap_3;PART_C_Hap_1;PART_D_Hap_1;PART_E_Hap_1;PART_F_Hap_1	PART_A_Hap_1;PART_B_Hap_1;PART_C_Hap_1;PART_D_Hap_1;PART_E_Hap_1;PART_F_Hap_1	Mt_Cmt169.A_Hap_8	6	25
C_WI172_18	SRR10396151	SAMN13199080	Vendor_B	PART_A_Hap_1;PART_B_Hap_1	PART_A_Hap_1;PART_B_Hap_1	PART_A_Hap_1;PART_B_Hap_1	-	PART_A_Hap_4;PART_A_Hap_5;PART_B_Hap_1;PART_B_Hap_2;PART_C_Hap_2;PART_D_Hap_2;PART_D_Hap_4	PART_A_Hap_1;PART_B_Hap_1;PART_C_Hap_1;PART_C_Hap_2;PART_D_Hap_1;PART_E_Hap_1;PART_F_Hap_1	PART_A_Hap_1;PART_B_Hap_1;PART_C_Hap_1;PART_D_Hap_1;PART_E_Hap_1;PART_F_Hap_1	-	6	26
C_WI173_18	SRR10396152	SAMN13199079	Vendor_B	PART_A_Hap_1;PART_B_Hap_1	-	PART_A_Hap_1	-	PART_A_Hap_4;PART_A_Hap_5;PART_B_Hap_1;PART_B_Hap_2;PART_C_Hap_2;PART_D_Hap_2;PART_D_Hap_4	PART_A_Hap_1;PART_B_Hap_1;PART_C_Hap_1;PART_C_Hap_2;PART_D_Hap_1;PART_E_Hap_1;PART_F_Hap_1	PART_A_Hap_1;PART_B_Hap_1;PART_C_Hap_1;PART_D_Hap_1;PART_E_Hap_1;PART_F_Hap_1	Mt_Cmt169.A_Hap_8	6	24
C_WI177_18	SRR10396156	SAMN13199075	Vendor_B	PART_A_Hap_1;PART_B_Hap_1	PART_A_Hap_1	PART_A_Hap_1;PART_B_Hap_1	PART_A_Hap_1	PART_A_Hap_4;PART_A_Hap_5;PART_B_Hap_1;PART_B_Hap_2;PART_C_Hap_2;PART_D_Hap_2;PART_D_Hap_4	PART_A_Hap_1;PART_B_Hap_1;PART_C_Hap_1;PART_C_Hap_2;PART_D_Hap_1;PART_E_Hap_1;PART_F_Hap_1	PART_A_Hap_1;PART_B_Hap_1;PART_C_Hap_1;PART_D_Hap_1;PART_E_Hap_1;PART_F_Hap_1	Mt_Cmt169.A_Hap_8	8	27
C_WI178_18	SRR10396157	SAMN13199074	Vendor_B	PART_A_Hap_1;PART_B_Hap_1	PART_A_Hap_1;PART_B_Hap_1	PART_A_Hap_1;PART_B_Hap_1	PART_A_Hap_1;PART_B_Hap_1	PART_A_Hap_4;PART_A_Hap_5;PART_B_Hap_1;PART_B_Hap_2;PART_C_Hap_2;PART_D_Hap_2;PART_D_Hap_4	PART_A_Hap_1;PART_B_Hap_1;PART_C_Hap_1;PART_C_Hap_2;PART_D_Hap_1;PART_E_Hap_1;PART_F_Hap_1	PART_A_Hap_1;PART_B_Hap_1;PART_C_Hap_1;PART_D_Hap_1;PART_E_Hap_1;PART_F_Hap_1	Mt_Cmt169.A_Hap_8	8	29
S_MN002_18	SRR10412667	SAMN13231192	Vendor_B	PART_A_Hap_1;PART_B_Hap_1	PART_A_Hap_1;PART_B_Hap_1	PART_A_Hap_1;PART_B_Hap_1	PART_A_Hap_1;PART_B_Hap_1	PART_A_Hap_4;PART_A_Hap_5;PART_B_Hap_1;PART_B_Hap_2;PART_C_Hap_2;PART_D_Hap_2;PART_D_Hap_4	PART_A_Hap_1;PART_B_Hap_1;PART_C_Hap_1;PART_C_Hap_2;PART_D_Hap_1;PART_E_Hap_1	PART_A_Hap_1;PART_B_Hap_1;PART_C_Hap_1;PART_D_Hap_1;PART_E_Hap_1;PART_F_Hap_1	-	7	27
S_MN003_18	SRR10412668	SAMN13231191	Vendor_B	PART_A_Hap_1;PART_B_Hap_1	PART_A_Hap_1;PART_B_Hap_1	PART_A_Hap_1;PART_B_Hap_1	PART_A_Hap_1;PART_B_Hap_1	PART_A_Hap_4;PART_A_Hap_5;PART_B_Hap_1;PART_B_Hap_2;PART_C_Hap_2;PART_D_Hap_2;PART_D_Hap_4	PART_A_Hap_1;PART_B_Hap_1;PART_C_Hap_1;PART_C_Hap_2;PART_D_Hap_1;PART_E_Hap_1;PART_F_Hap_1	PART_A_Hap_1;PART_B_Hap_1;PART_C_Hap_1;PART_D_Hap_1;PART_E_Hap_1;PART_F_Hap_1	-	7	28
S_MN015_18	SRR10412681	SAMN13231179	Vendor_B	PART_A_Hap_1;PART_B_Hap_1	PART_A_Hap_1;PART_B_Hap_1	PART_A_Hap_1;PART_B_Hap_1	PART_A_Hap_1;PART_B_Hap_1	PART_A_Hap_4;PART_A_Hap_5;PART_B_Hap_1;PART_B_Hap_2;PART_C_Hap_2;PART_D_Hap_2;PART_D_Hap_4	PART_A_Hap_1;PART_B_Hap_1;PART_C_Hap_1;PART_C_Hap_2;PART_D_Hap_1;PART_E_Hap_1;PART_F_Hap_1	PART_A_Hap_1;PART_B_Hap_1;PART_C_Hap_1;PART_D_Hap_1;PART_E_Hap_1;PART_F_Hap_1	-	7	28
S_MN024_18	SRR10412691	SAMN13231170	Vendor_B	PART_A_Hap_1;PART_B_Hap_1	PART_A_Hap_1;PART_B_Hap_1	PART_A_Hap_1;PART_B_Hap_1	PART_A_Hap_1;PART_B_Hap_1	PART_A_Hap_4;PART_A_Hap_5;PART_B_Hap_1;PART_B_Hap_2;PART_C_Hap_2;PART_D_Hap_2;PART_D_Hap_4	PART_A_Hap_1;PART_B_Hap_1;PART_C_Hap_1;PART_C_Hap_2;PART_D_Hap_1;PART_E_Hap_1;PART_F_Hap_1	PART_A_Hap_1;PART_B_Hap_1;PART_C_Hap_1;PART_D_Hap_1;PART_E_Hap_1;PART_F_Hap_1	Mt_Cmt169.A_Hap_8	8	29
S_MN026_18	SRR10412693	SAMN13231168	Vendor_B	PART_A_Hap_1;PART_B_Hap_1	PART_A_Hap_1;PART_B_Hap_1	PART_A_Hap_1;PART_B_Hap_1	PART_A_Hap_1;PART_B_Hap_1	-	-	PART_A_Hap_1;PART_B_Hap_1;PART_C_Hap_1;PART_D_Hap_1;PART_E_Hap_1;PART_F_Hap_1	Mt_Cmt169.A_Hap_8	6	15
