taxonomy_id	synonyms
139	"[""Borrelia burgdorferi Johnson et al. 1984"", ""Borreliella burgdorferi (Johnson et al. 1984) Adeolu and Gupta 2015""]"
140	"[""Borrelia hermsii (Davis 1942) Steinhaus 1946 (Approved Lists 1980)"", ""Borrelia hermsii genomic group I""]"
141	"[""Borrelia parkeri (Davis 1942) Steinhaus 1946 (Approved Lists 1980)""]"
142	"[""Borrelia turicatae (Brumpt 1933) Steinhaus 1946 (Approved Lists 1980)""]"
143	"[""Borrelia anserina (Sakharoff 1891) Bergey et al. 1925 (Approved Lists 1980)"", ""Spirochaete gallinarum"", ""Spiroschaudinnia anserina""]"
160	"[""Microspironema pallidum"", ""Spirillum pallidum"", ""Spirochaeta pallida"", ""Spironema pallidum"", ""Treponema pallidum (Schaudinn and Hoffmann 1905) Schaudinn 1905 (Approved Lists 1980)""]"
172	"[""Leptospira biflexa (Wolbach and Binger 1914) Noguchi 1918 (Approved Lists 1980)""]"
173	"[""Leptospira icteroides"", ""Spirochaeta icterogenes"", ""Spirochaeta icterohaemorrhagiae"", ""Spirochaeta interrogans"", ""Spirochaeta nodosa""]"
174	[]
197	"[""Campylobacter fetus subsp. jejuni"", ""Vibrio hepaticus"", ""Vibrio jejuni""]"
210	"[""Campylobacter pylori"", ""Campylobacter pylori subsp. pylori"", ""Campylobacter pyloridis"", ""Helicobacter nemestrinae""]"
235	"[""\""Bacillus of abortion\"" Bang 1897"", ""Bacterium abortus"", ""Brucella melitensis biovar Abortus""]"
236	"[""Brucella melitensis biovar Ovis""]"
238	"[""Chryseobacterium (Flavobacterium) meningosepticum"", ""Chryseobacterium meningosepticum"", ""Flavobacterium menginosepticum"", ""Flavobacterium meningosepticum""]"
247	"[""\""Bacillus brevis\"" Lustig 1890"", ""\""Flavobacterium brevis\"" (sic) (Lustig 1890) Bergey et al. 1923"", ""Bacillus canalis parvus"", ""Bacillus canicolis brevis"", ""Bacterium breve"", ""Bacterium canale"", ""Bacterium canalis parvus"", ""Empedobacter breve"", ""Flavobacterium breve"", ""Pseudobacterium brevis""]"
256	"[""Flavobacterium odoratum""]"
263	"[""Bacterium tularense"", ""Brucella tularensis"", ""Francisella tularense"", ""Pasteurella tularensis""]"
287	"[""Bacillus aeruginosus"", ""Bacillus pyocyaneus"", ""Bacterium aeruginosum"", ""Bacterium pyocyaneum"", ""Micrococcus pyocyaneus"", ""Pseudomonas aeruginosa (Schroeter 1872) Migula 1900 (Approved Lists 1980)"", ""Pseudomonas polycolor"", ""Pseudomonas pyocyanea"", ""probable synonym or variety: \""Pseudomonas polycolor\"" Clara 1930""]"
329	"[""Burkholderia pickettii"", ""Pseudomonas pickettii""]"
446	[]
470	"[""Acinetobacter genomosp. 2"", ""Acinetobacter genomospecies 2"", ""Bacterium anitratum""]"
480	"[""Branhamella catarrhalis"", ""Mikrokkokus catarrhalis"", ""Moraxella (subgen. Branhamella Catlin 1970) catarrhalis (Frosch and Kolle 1896) Bovre 1984""]"
484	[]
485	"[""Diplococcus gonorrhoeae"", ""Gonococcus neisseri"", ""Merismopedia gonorrhoeae"", ""Micrococcus der gonorrhoe"", ""Micrococcus gonococcus"", ""Micrococcus gonorrhoeae""]"
487	"[""Diplokokkus intracellularis meningitidis"", ""Micrococcus intracellularis"", ""Micrococcus meningitidis"", ""Micrococcus meningitidis cerebrospinalis"", ""Neisseria weichselbaumii""]"
504	"[""Kingella kingii"", ""Moraxella kingae"", ""Moraxella kingii""]"
511	"[""Bacillus faecalis alcaligenes""]"
520	"[""Bacterium tussis-convulsivae"", ""Haemophilus pertussis"", ""Hemophilus pertussis"", ""Microbe de la coqueluche""]"
529	"[""Ochrobactrum anthropi""]"
536	"[""Chromobacterium goianiensis"", ""Chromobacterium janthinum"", ""Chromobacterium laurentium"", ""Chromobacterium manilae"", ""Chromobacterium pseudoviolaceum""]"
539	"[""Bacteroides corrodens"", ""Ristella corrodens""]"
546	"[""Bacterium freundii"", ""Citrobacter ballerupensis"", ""Escherichia freundii"", ""Salmonella ballerup"", ""Salmonella hormaechei"", ""the Ballerup group of bacteria"", ""the Bethesda group of bacteria""]"
550	"[""Aerobacter cloacae"", ""Bacillus cloacae"", ""Bacterium cloacae"", ""Cloaca cloacae""]"
562	"[""E. coli"", ""Bacillus coli"", ""Bacterium coli"", ""Bacterium coli commune"", ""Enterococcus coli"", ""Escherichia/Shigella coli""]"
573	"[""K. pneumoniae"", ""'Klebsiella aerogenes' (Kruse) Taylor et al. 1956"", ""Bacillus pneumoniae"", ""Bacterium pneumoniae crouposae"", ""Hyalococcus pneumoniae"", ""Klebsiella pneumoniae aerogenes""]"
582	"[""Morganella morganii (Winslow et al. 1919) Fulton 1943 (Approved Lists 1980)"", ""Organism N 1"", ""Proteus morganii"", ""Salmonella morgani""]"
584	[]
585	[]
588	"[""Providencia stuartii (Buttiaux et al. 1954) Ewing 1962 (Approved Lists 1980)"", ""Providencia thailandensis"", ""Providencia thailandensis Khunthongpan et al. 2014""]"
615	"[""Bacillus marcescens"", ""Serratia marcescens subsp. marcescens"", ""Serratia marcescens subsp. sakuensis""]"
621	[]
622	"[""Bacillus dysenteriae"", ""Bacillus dysentericus"", ""Bacillus shigae"", ""Eberthella dysenteriae"", ""Escherichia/Shigella dysenteriae"", ""Shigella shigae""]"
623	"[""Escherichia flexneri"", ""Escherichia/Shigella flexneri"", ""Shigella paradysenteriae""]"
624	"[""Bacterium sonnei""]"
630	"[""Bacterium enterocoliticum""]"
632	"[""Bacillus pestis"", ""Pasteurella pestis"", ""Pestisella pestis"", ""Yersinia pestis (Lehmann and Neumann 1896) van Loghem 1944 (Approved Lists 1980), nom. cons."", ""Yersinia pseudotuberculosis subsp. pestis""]"
644	"[""Aeromonas dourgesi"", ""Aeromonas hydrophila (Chester 1901) Stanier 1943 (Approved Lists 1980)"", ""Aeromonas liquefaciens"", ""Bacillus hydrophilus fuscus"", ""Bacterium hydrophilum"", ""Proteus hydrophilus"", ""Proteus ichthyosmius"", ""Pseudomonas hydrophila""]"
663	"[""Beneckea alginolytica"", ""Oceanomonas alginolytica"", ""Pseudomonas creosotensis""]"
666	"[""Bacillo virgola del Koch"", ""Bacillus cholerae"", ""Bacillus cholerae-asiaticae"", ""Kommabacillus"", ""Liquidivibrio cholerae"", ""Microspira comma"", ""Pacinia cholerae-asiaticae"", ""Spirillum cholerae"", ""Spirillum cholerae-asiaticae"", ""Vibrio albensis"", ""Vibrio cholera"", ""Vibrio cholerae biovar albensis"", ""Vibrio cholerae bv. albensis"", ""Vibrio cholerae-asiaticae"", ""Vibrio comma""]"
669	"[""Achromobacter harveyi"", ""Beneckea harveyi"", ""Beneckea neptuna"", ""Lucibacterium harveyi"", ""Photobacterium harveyi"", ""Pseudomonas harveyi"", ""Vibrio carchariae"", ""Vibrio trachuri""]"
670	"[""Beneckea parahaemolytica"", ""Oceanomonas parahaemolytica"", ""Pasteurella parahaemolytica"", ""Vibrio parahaemolyticus (Fujino et al. 1951) Sakazaki et al. 1963 (Approved Lists 1980)""]"
672	"[""Beneckea vulnifica"", ""Vibrio vulnificus (Reichelt et al. 1979) Farmer 1980""]"
673	"[""Special Bacteriology group EF-13"", ""Vibrio hollisae""]"
674	[]
675	[]
676	[]
703	"[""Aeromonas shigelloides"", ""Fergusonia shigelloides"", ""Pleisomonas shigelloides"", ""Plesiomonas shigelloides corrig. (Bader 1954) Habs and Schubert 1962 (Approved Lists 1980)"", ""Pseudomonas shigelloides""]"
727	"[""Bacterium influenzae"", ""Coccobacillus pfeifferi"", ""Haemophilus meningitidis"", ""Influenza-bacillus"", ""Mycobacterium influenzae""]"
730	"[""Bacillus ulceris cancrosi"", ""Haemophilus ducreyi (Neveu-Lemaire 1921) Bergey et al. 1923 (Approved Lists 1980)"", ""Pseudactinobacillus ducreyi""]"
747	"[""Bacterium multocidum"", ""Micrococcus gallicidus"", ""Pasteurella cholerae-gallinarum"", ""Pasteurella gallicida""]"
769	"[""Anaplasma marginale subsp. centrale""]"
770	"[""Anaplasma argentium"", ""Anaplasma rossicum"", ""Anaplasma theileri""]"
777	"[""Coxiella burnetii corrig. (Derrick 1939) Philip 1948 (Approved Lists 1980)"", ""Rickettsia burneti"", ""Rickettsia diaporica""]"
779	"[""Cowdria ruminantium"", ""Kurlovia ruminantium"", ""Nicollea ruminantium"", ""Rickettsia ruminantium""]"
781	"[""Rickettsia conorii corrig. Brumpt 1932 (Approved Lists 1980)""]"
782	[]
783	"[""Dermacentroxenus rickettsii""]"
784	"[""Rickettsia akamushi"", ""Rickettsia orientalis"", ""Rickettsia tsutsugamushi"", ""Theileria tsutsugamushi""]"
785	"[""Dermacentroxenus typhi"", ""Rickettsia mooseri""]"
786	"[""Dermacentroxenus murinus"", ""Gamasoxenus muris""]"
787	[]
788	"[""Rickettsia canada""]"
817	"[""Bacteroides fragilis (Veillon and Zuber 1898) Castellani and Chalmers 1919 (Approved Lists 1980)"", ""Bacteroides inaequalis"", ""Bacteroides incommunis"", ""Bacteroides uncatus"", ""Fusiformis fragilis"", ""Pseudobacterium fragilis"", ""Pseudobacterium inaequalis"", ""Pseudobacterium incommunis"", ""Pseudobacterium uncatum"", ""Ristella fragilis"", ""Ristella incommunis"", ""Ristella uncata"", ""Sphaerophorus inaequalis"", ""Sphaerophorus intermedius""]"
851	"[""Corynebacterium fusiforme"", ""Fusibacterium nucleatum"", ""Fusiformis fusiformis"", ""Fusiformis nucleatus"", ""Fusobacterium fusiforme"", ""Fusobacterium plauti-vincenti""]"
944	"[""Ehrlichia (Rickettsia) canis"", ""Ehrlichia canis (Donatien and Lestoquard 1935) Moshkovski 1945 (Approved Lists 1980)"", ""Kurlovia (Ehrlichia) canis"", ""Nicollea canis""]"
945	[]
948	"[""Anaplasma phagocytophila"", ""Cytoecetes bovis"", ""Cytoecetes phagocytophila"", ""Ehrlichia equi"", ""Ehrlichia phagocytophila (Foggie 1949) Philip 1962 (Approved Lists 1980)"", ""Ehrlichia sp. 'HGE agent'"", ""HGE agent"", ""Rickettsia phagocytophila ovis"", ""human granulocytic Ehrlichia""]"
949	"[""Ehrlichia platys""]"
951	"[""\""Neorickettsia sennetsu\"" (Misao and Kobayashi 1956) Dumler et al. 2001"", ""Rickettsia sennetsu""]"
1014	[]
1015	"[""Weeksella zoohelcum"", ""group IIj""]"
1019	[]
1245	"[""Ascococcus mesenteroides"", ""Betacoccus arabinosaceus""]"
1255	"[""Pediococcus hennebergii""]"
1260	"[""Finegoldia magna (Prevot 1933) Murdoch and Shah 2000"", ""Peptococcus magnus (Prevot 1933) Holdeman and Moore 1972 (Approved Lists 1980)"", ""Peptostreptococcus magnus""]"
1280	"[""S. aureus"", ""Micrococcus aureus"", ""Micrococcus pyogenes"", ""Staphylococcus aureus subsp. anaerobius"", ""Staphylococcus pyogenes aureus"", ""Staphylococcus pyogenes citreus""]"
1309	[]
1311	"[""Streptoccocus de la mammite"", ""Streptococcus agalactiae contagiosae"", ""Streptococcus difficile"", ""Streptococcus difficilis"", ""Streptococcus mastitidis""]"
1313	"[""Diplococcus pneumoniae"", ""Micrococcus pneumoniae""]"
1314	"[""Micrococcus scarlatinae"", ""Streptococcus erysipelatos"", ""Streptococcus hemolyticus"", ""Streptococcus scarlatinae""]"
1351	"[""Enterococcus proteiformis"", ""Enterocoque"", ""Micrococcus ovalis"", ""Micrococcus zymogenes"", ""Streptococcus faecalis"", ""Streptococcus glycerinaceus"", ""Streptococcus liquefaciens""]"
1352	"[""Streptococcus faecium""]"
1353	"[""Streptococcus gallinarum""]"
1354	[]
1363	"[""Enterococcus seriolicida"", ""Lactococcus garviae"", ""Lactococcus garvieae (Collins et al. 1984) Schleifer et al. 1986"", ""Streptococcus garvieae Collins et al. 1984""]"
1376	[]
1392	"[""Bacillus cereus var. anthracis"", ""Bacteridium anthracis""]"
1422	"[""Bacillus stearothermophilus"", ""Bacillus thermoliquefaciens"", ""Geobacillus stearothermophilus (Donk 1920) Nazina et al. 2001""]"
1465	"[""Bacillus laterosporus""]"
1491	"[""Bacillus botulinus"", ""Bacillus putrificus"", ""Botulobacillus botulinus"", ""Clostridium botulinum subsp. botulinum"", ""Clostridium putrificum"", ""Ermengemillus botulinus"", ""Pacinia putrifica""]"
1496	"[""Clostridium difficile (Hall and O'Toole 1935) Prevot 1938 (Approved Lists 1980)"", ""Peptoclostridium difficile""]"
1502	"[""Bacterium welchii"", ""Clostridium perfringens (Veillon and Zuber 1898) Hauduroy et al. 1937 (Approved Lists 1980)"", ""Clostridium plagarum"", ""s__Sarcina perfringens""]"
1513	"[""Bacillus tetani""]"
1583	"[""Lactobacillus confusus (Holzapfel and Kandler 1969) Sharpe et al. 1972 (Approved Lists 1980)""]"
1639	"[""Bacterium monocytogenes"", ""Bacterium monocytogenes hominis"", ""Corynebacterium infantisepticum"", ""Corynebacterium parvulum"", ""Erysipelothrix monocytogenes"", ""Listerella hepatolytica""]"
1648	"[""Bacillus insidiosus"", ""Bacillus rhusiopathiae suis"", ""Bacterium rhusiopathiae"", ""Erysipelothrix erysipeloides"", ""Erysipelothrix insidiosa"", ""Erysipelothrix murisepticus"", ""Erysipelothrix porci""]"
1659	"[""Actinobacterium israeli"", ""Actinomyces israeli"", ""Actinomyces israelii corrig. (Kruse 1896) Lachner-Sandoval 1898 (Approved Lists 1980)"", ""Brevistreptothrix israeli"", ""Cohnistreptothrix israeli"", ""Corynebacterium israeli"", ""Discomyces israeli"", ""Nocardia israeli"", ""Oospora israeli"", ""Proactinomyces israeli"", ""Streptothrix israeli""]"
1717	"[""Bacillus diphtheriae"", ""Bacterium diphtheriae"", ""Microsporon diphthericum"", ""Microsporon diphtheriticum"", ""Mycobacterium diphtheriae"", ""Pacinia loeffleri""]"
1747	"[""Bacillus acnes"", ""Corynebacterium acnes"", ""Cutibacterium acnes (Gilchrist 1900) Scholz and Kilian 2016"", ""Propionibacterium acnes""]"
1773	"[""M. tuberculosis"", ""MTB"", ""TB"", ""Bacillus tuberculosis"", ""Bacterium tuberculosis"", ""Mycobacterium tuberculosis (Zopf 1883) Lehmann and Neumann 1896 (Approved Lists 1980)"", ""Mycobacterium tuberculosis typus humanus"", ""Mycobacterium tuberculosis var. hominis""]"
1824	"[""Actinomyces asteroides"", ""Actinomyces eppinger"", ""Actinomyces eppingeri"", ""Asteroides asteroides"", ""Cladothrix asteroides"", ""Discomyces asteroides"", ""Oospora asteroides"", ""Proactinomyces asteroides"", ""Streptothrix eppingerii"", ""Streptotrix asteroides""]"
2039	"[""Tropheryma whippelii"", ""Whipple's bacillus"", ""Whipple's disease-associated bacterium""]"
2104	"[""Schizoplasma pneumoniae""]"
2173	"[""Methanocatella smithii""]"
2702	"[""Corynebacterium vaginale"", ""Gardnerella genomic species 1"", ""Gardnerella vaginalis (Gardner and Dukes 1955) Greenwood and Pickett 1980"", ""Haemophilus hemolyticus vaginalis"", ""Haemophilus vaginalis"", ""s__Bifidobacterium vaginale""]"
2738	[]
3111	[]
3112	[]
4754	"[""Pneumocystis carinii f. sp. carinii"", ""Pneumocystis carinii f. sp. ratti""]"
4779	[]
4784	"[""Phytophthora capsici Leonian, 1922""]"
4785	[]
4787	"[""Botrytis infestans""]"
4792	"[""Phytophthora nicotianae var. parasitica"", ""Phytophthora parasitica"", ""Phytophthora parasitica var. nicotianae"", ""Phytophthora parasitica var. piperina""]"
4796	"[""Phytophthora palmivora (E.J. Butler) E.J. Butler, 1919"", ""Phytophthora palmivora var. palmivora"", ""Pythium palmivorum""]"
4837	[]
4846	"[""Mucor stolonifer"", ""Rhizopus nigricans""]"
4896	"[""Schizosaccharomyces malidevorans""]"
4897	"[""Hasegawaea japonica"", ""Schizosaccharomyces japonicus var. japonicus"", ""Schizosaccharomyces japonicus var. versatilis""]"
4899	"[""Octosporomyces octosporus""]"
4909	"[""'Candida glycerinogenes'"", ""Candida acidothermophilum"", ""Candida krusei"", ""Issatchenkia orientalis"", ""Saccharomyces krusei""]"
4911	"[""Candida kefyr"", ""Candida pseudotropicalis"", ""Dekkeromyces marxianus"", ""Guilliermondella marxiana"", ""Kluyveromyces cicerisporus"", ""Kluyveromyces fragilis"", ""Saccharomyces kefyr"", ""Saccharomyces marxianus"", ""Zygofabospora marxiana"", ""Zygorenospora marxiana"", ""Zygosaccharomyces marxianus""]"
4929	"[""Candida guilliermondii (Castell.) Langeron & Guerra, 1938"", ""Endomyces guilliermondii"", ""Meyerozyma guilliermondii (Wick.) Kurtzman & M. Suzuki 2010"", ""Pichia gilliermondii"", ""Yamadazyma guilliermondii""]"
4932	"[""S. cerevisiae"", ""Candida robusta"", ""Mycoderma cerevisiae"", ""Saccharomyces boulardii"", ""Saccharomyces boulardii (nom. inval.)"", ""Saccharomyces capensis"", ""Saccharomyces cerevisiae 'var. diastaticus'"", ""Saccharomyces cerevisiae (Desm.) Meyen ex E.C. Hansen, 1883"", ""Saccharomyces diastaticus"", ""Saccharomyces italicus"", ""Saccharomyces oviformis"", ""Saccharomyces uvarum var. melibiosus""]"
4952	"[""Candida lipolytica"", ""Endomycopsis lipolytica"", ""Mycotorula lipolytica""]"
4959	"[""Candida famata"", ""Candida famata var. famata"", ""Debaryomyces hansenii (Zopf) Lodder & Kreger, 1952"", ""Debaryomyces tyrocola var. hansenii"", ""Pichia hansenii"", ""Saccharomyces hansenii"", ""Torulaspora hansenii""]"
5011	"[""Ascomyces deformans"", ""Lalaria deformans""]"
5022	"[""Leptosphaeria maculans"", ""Phoma lingam"", ""Plenodomus rabenhorstii"", ""Sphaeria lingam""]"
5025	"[""Fusicladium pomi"", ""Sphaerella inaequalis"", ""Spilocaea pomi""]"
5037	"[""Ajellomyces capsulatus (Kwon-Chung) McGinnis & Katz, 1979"", ""Cryptococcus capsulatus"", ""Emmonsiella capsulata""]"
5039	"[""Ajellomyces dermatitidis"", ""Blastomycoides dermatitidis""]"
5053	"[""Aspergillus japonicus var. aculeatus""]"
5057	[]
5059	"[""Aspergillus flavus var. parvisclerotigenus"", ""Aspergillus parvisclerotigenus"", ""Petromyces flavus""]"
5061	"[""Aspergillus lacticoffeatus"", ""Aspergillus lacticoffeatus Frisvad & Samson, 2004""]"
5062	"[""Aspergillus flavus var. oryzae"", ""Aspergillus oryzae (Ahlb.) Cohn, 1884"", ""Eurotium oryzae""]"
5066	"[""Aspergillus wenti""]"
5067	[]
5068	"[""Aspergillus niger var. tubingensis"", ""Aspergillus tubingensis Mosseray, 1934""]"
5105	[]
5111	"[""Sphacelia segetum"", ""Sphaeria purpurea""]"
5116	"[""Diaporthe parasitica"", ""Endothia parasitica""]"
5127	"[""Gibberella fujikuroi"", ""Lisea fujikuroi""]"
5128	"[""Fusarium roseum"", ""Fusarium sambucinum var. sambucinum"", ""Gibberella pulicaris"", ""Sphaeria pulicaris""]"
5141	"[""Chrysonilia crassa""]"
5142	[]
5147	[]
5162	"[""Ceratocystiopsis fasciata"", ""Ceratocystis fasciata""]"
5163	"[""Ceratostomella ips""]"
5180	"[""Peziza sclerotiorum"", ""Sclerotinia sclerotiorum (Lib.) de Bary, 1884""]"
5207	"[""Blastomyces neoformans"", ""Cryptococcus neoformans var. grubii"", ""Debaryomyces neoformans"", ""Filobasidiella neoformans"", ""Filobasidiella neoformans Kwon-Chung, 1976"", ""Lipomyces neoformans"", ""Saccharomyces neoformans"", ""Torula neoformans"", ""Torulopsis neoformans""]"
5208	"[""Aspergillus depauperatus"", ""Filobasidiella arachnophila"", ""Filobasidiella depauperata""]"
5212	"[""Cryptococcus uniguttulatus"", ""Eutorulopsis uniguttulata""]"
5217	[]
5270	"[""Uredo maydis"", ""Ustilago maydis""]"
5297	[]
5315	"[""Boletus lucidus"", ""Ganoderma lucidum (Curtis) P. Karst., 1881""]"
5319	"[""Polyporus tulipiferae"", ""Sistotrema lacteum""]"
5322	"[""Agaricus ostreatus""]"
5325	"[""Bjerkandera versicolor"", ""Boletus versicolor"", ""Coriolus versicolor"", ""Microporus versicolor"", ""Polyporus versicolor"", ""Polystictus versicolor"", ""Poria versicolor"", ""Trametes versicolor (L.) Lloyd 1920""]"
5327	"[""Boletus hirsutus"", ""Coriolus hirsutus"", ""Hansenia hirsuta"", ""Polyporus hirsutus"", ""Polystictoides hirsutus"", ""Polystictus hirsutus"", ""Trametes sp. DSM 3511""]"
5331	"[""Bjerkandera adusta (Willd.) P.Karst. 1879"", ""Boletus adustus"", ""Geotrichopsis mycoparasitica"", ""Polyporus adustus""]"
5334	[]
5346	"[""Agaricus cinereus"", ""Agaricus macrorhizus"", ""Coprinus cinereus"", ""Coprinus macrorhizus"", ""Hormographiella aspergillata""]"
5365	"[""Agaricus tigrinus"", ""Panus tigrinus""]"
5418	"[""Cryptococcus laurentii"", ""Papiliotrema laurentii (Kuff.) X.Z. Liu, F.Y. Bai, M. Groenew. & Boekhout, 2016"", ""Torula laurentii"", ""Torulopsis laurentii""]"
5476	"[""C. albicans"", ""Candida albicans var. stellatoidea"", ""Candida stellatoidea"", ""Dematium albicans"", ""Endomyces albicans"", ""Monilia albicans"", ""Monilia stellatoidea"", ""Myceloblastanon albicans"", ""Mycotorula albicans"", ""Oidium albicans"", ""Parasaccharomyces albicans"", ""Procandida albicans"", ""Procandida stellatoidea"", ""Saccharomyces albicans"", ""Syringospora albicans""]"
5478	"[""Candida glabrata"", ""Cryptococcus glabratus"", ""Torulopsis glabrata""]"
5480	"[""Candida parapsilosis (Ashford) Langeron & Talice"", ""Monilia parapsilosis"", ""Mycocandida parapsilosis"", ""Mycotorula parapsilopsis""]"
5481	"[""Azymocandida rugosa"", ""Candida rugosa (H.W. Anderson) Diddens & Lodder, 1942"", ""Mycoderma rugosum H.W. Anderson, 1917""]"
5482	"[""Atelosaccharomyces tropicalis"", ""Candida albicans var. tropicalis"", ""Castellania tropicalis"", ""Endomyces tropicalis"", ""Monilia tropicalis"", ""Myceloblastanon tropicale"", ""Mycotorula tropicalis"", ""Oidium tropicale"", ""Procandida tropicalis""]"
5501	[]
5507	"[""Fusarium oxysporum Schltdl., 1824""]"
5514	"[""Fusarium sporotrichiella var. sporotrichioides"", ""Fusarium sporotrichioides Sherbakoff, 1915""]"
5515	"[""Gibberella acuminata""]"
5516	"[""Fusisporium culmorum""]"
5518	"[""Gibberella zeae"", ""Gibberella zeae (Schwein.) Petch, 1936"", ""Sphaeria zeae""]"
5523	"[""Gibberella baccata""]"
5551	"[""Epidermophyton rubrum"", ""Microsporum rubrum"", ""Sabouraudites ruber"", ""Sabouraudites ruber (Cazalbou) Nann., 1934"", ""Trichophyton fischeri"", ""Trichophyton kanei"", ""Trichophyton megninii"", ""Trichophyton raubitschekii"", ""Trichophyton rubrum var. raubitschekii""]"
5570	[]
5599	"[""Alternaria tenuis"", ""Torula alternata""]"
5627	"[""Boletus frondosus"", ""Grifola frondosa (Dicks.) Gray, 1821"", ""Polyporus frondosus""]"
5630	"[""Laetiporus sulfureus"", ""Sporotrichum versisporum""]"
5639	"[""Boletus arcularius"", ""Favolus arcularius"", ""Heteroporus arcularius"", ""Lentinus arcularius"", ""Leucoporus arcularius"", ""Polyporellus arcularius""]"
5643	"[""Boletus cinnabarinus"", ""Pycnoporus cinnabarinus""]"
5656	[]
5659	"[""Leishmania (Leishmania) amazonensis"", ""Leishmania mexicana amazonensis""]"
5660	"[""Leishmania (V.) braziliensis"", ""Leishmania (Viannia) braziliensis"", ""Leishmania viannia""]"
5661	"[""Leishmania (Leishmania) donovani""]"
5663	"[""Leishmania (Leishmania) enriettii"", ""Leishmania (Mundinia) enrietti""]"
5664	"[""Leishmania (Leishmania) major"", ""Leishmania tropica major""]"
5665	"[""Leishmania (Leishmania) mexicana""]"
5666	"[""Leishmania (Leishmania) tropica""]"
5667	"[""Leishmania (Leishmania) aethiopica""]"
5671	"[""Leishmania (Leishmania) infantum"", ""Leishmania donovani infantum""]"
5679	"[""Leishmania (Viannia) panamensis""]"
5684	[]
5689	"[""Sauroleishmania tarentolae""]"
5691	"[""Trypanosoma (Trypanozoon) brucei"", ""Trypanosoma brucei subgroup""]"
5692	[]
5693	[]
5694	"[""Trypanosoma (Trypanozoon) equiperdum""]"
5697	"[""Trypanosoma (Trypanozoon) evansi"", ""Trypanosoma brucei evansi""]"
5698	"[""Trypanosoma (Herpetosoma) rangeli""]"
5699	[]
5702	"[""Trypanosoma (Trypanozoon) brucei brucei"", ""Trypanosoma brucei subsp. brucei""]"
5705	"[""Endotrypanum monterogei""]"
5722	"[""Tritrichomonas vaginalis""]"
5741	"[""Giardia intestinalis"", ""Giardia lamblia"", ""Lamblia intestinalis""]"
5742	[]
5755	"[""Acanthamoeba castellani""]"
5757	[]
5759	[]
5762	[]
5763	[]
5786	[]
5801	[]
5802	"[""Coccidium tenellum""]"
5804	[]
5807	[]
5808	[]
5811	"[""Leishmania gondii""]"
5821	[]
5824	[]
5825	[]
5827	[]
5833	"[""P. falciparum"", ""Plasmodium (Laverania) falciparum""]"
5849	[]
5850	[]
5851	"[""Plasmodium knowlesi (STRAIN H)"", ""Plasmodium knowlesi H"", ""Plasmodium knowlesi Malayan H""]"
5854	"[""Plasmodium (Laverania) reichenowi""]"
5855	"[""P. vivax"", ""Haemamoeba vivax""]"
5857	[]
5858	[]
5860	[]
5861	"[""Plasmodium yoelli""]"
5865	[]
5866	[]
5867	"[""Piroplasma canis"", ""Pyrosoma bigeminum var. canis""]"
5868	"[""Nuttallia microti"", ""Smithia microtia"", ""Theileria microti""]"
5869	[]
5871	"[""Piroplasma caballi""]"
5872	"[""Babesia equi""]"
5874	[]
5875	[]
5970	"[""Hormiscium dermatitidis"", ""Wangiella dermatitidis""]"
6035	[]
6039	"[""Nosema necatrix""]"
6182	[]
6183	[]
6184	"[""Bilharzia bovis""]"
6185	"[""Distomum haematobium""]"
6186	[]
6192	[]
6198	"[""Distomum viverrini""]"
6204	"[""Cysticercus cellulosae"", ""Taenia cellulosae""]"
6205	"[""Cysticercus fasciolaris"", ""Hydatigena taeniaeformis"", ""Hydatigera himalayotaenia"", ""Taenia crassicollis"", ""Taenia taeniaeformis""]"
6206	[]
6210	"[""Echinococcus granulosus G1 strain"", ""Echinococcus granulosus G2 strain"", ""Echinococcus granulosus G3 strain"", ""Echinococcus granulosus Tasmanian sheep strain"", ""Echinococcus granulosus buffalo strain"", ""Echinococcus granulosus s. s."", ""Echinococcus granulosus sensu stricto"", ""Echinococcus granulosus sheep strain""]"
6211	[]
6212	[]
6216	"[""Taenia diminuta""]"
6233	"[""Chaos redivivum""]"
6238	"[""Rhabditis briggsae""]"
6239	"[""Rhabditis elegans""]"
6248	"[""Anguillula stercoralis""]"
6253	[]
6257	[]
6265	[]
6269	"[""Ascaris simplex""]"
6277	"[""Dipetalonema viteae""]"
6279	[]
6280	[]
6282	[]
6287	"[""Dirofilaria (Dirofilaria) immitis"", ""Filaria immitis""]"
6289	[]
6290	"[""Strongylus placei""]"
6293	"[""Filaria bancrofti""]"
6303	"[""Heterodera javanica""]"
6304	"[""Anguillula arenaria""]"
6305	[]
6313	"[""Pulmonema cantonensis""]"
6326	"[""Aphelenchoides xylophilus""]"
6334	"[""Trichina spiralis""]"
6335	[]
6339	"[""Nematospiroides dubius"", ""Strongylus polygyrus""]"
6526	"[""Australorbis glabratus"", ""Planorbis glabratus""]"
6938	"[""Argas moubata""]"
6941	"[""Boophilus microplus"", ""Rhipicephalus (Boophilus) microplus""]"
6943	"[""Acarus americanus"", ""Haemalastor americanus""]"
6945	"[""Ixodes dammini""]"
7159	"[""Aedes (Stegomyia) aegypti"", ""Aedes aegypti var. luciensis"", ""Culex aegypti"", ""Stegomyia aegypti"", ""Stegomyia fasciata var. luciensis""]"
7160	"[""Stegomyia albopicta""]"
7165	[]
7167	[]
7168	"[""Anopheles (Cellia) dirus"", ""Anopheles dirus sensu stricto""]"
7173	[]
7175	"[""Culex agilis"", ""Culex autogenicus"", ""Culex azoriensis"", ""Culex bicolor"", ""Culex bifurcatus"", ""Culex calcitrans"", ""Culex calloti"", ""Culex comitatus"", ""Culex consobrinus"", ""Culex dipseticus"", ""Culex disjunctus"", ""Culex doliorum"", ""Culex domesticus"", ""Culex erectus"", ""Culex fasciatus"", ""Culex haematophagus"", ""Culex longefurcatus"", ""Culex luteus"", ""Culex marginalis"", ""Culex melanorhinus"", ""Culex meridionalis"", ""Culex osakaensis"", ""Culex pallipes"", ""Culex phytophagus"", ""Culex quasimodestus"", ""Culex rufinus"", ""Culex rufus"", ""Culex sternopunctatus"", ""Culex thoracicus"", ""Culex torridus"", ""Culex trifurcatus"", ""Culex unistriatus"", ""Culex varioannulatus""]"
7176	"[""Culex (Culex) quinquefasciatus"", ""Culex fatigans"", ""Culex pipiens fatigans"", ""Culex pipiens quinquefasciatus""]"
7200	"[""Phlebotomus longipalpis""]"
7209	"[""Dracunculus loa""]"
7227	"[""D. melanogaster"", ""Sophophora melanogaster""]"
7370	[]
7394	[]
7395	[]
7396	[]
7397	"[""Nemorhina palpalis""]"
7398	[]
7515	[]
9031	"[""Gallus domesticus"", ""Gallus gallus domesticus"", ""Phasianus gallus""]"
9541	"[""Macaca cynomolgus"", ""Macaca irus"", ""Simia fascicularis""]"
9544	"[""Cercopithecus mulatta""]"
9606	[]
9612	[]
9913	"[""Bos bovis"", ""Bos primigenius taurus""]"
10090	[]
10116	"[""Mus norvegicus""]"
10141	"[""Cavia aperea porcellus"", ""Cavia cobaya"", ""Mus porcellus""]"
10245	"[""Vaccinia virus"", ""vaccinia virus VV""]"
10255	"[""small pox virus"", ""smallpox"", ""variola virus VAR""]"
10258	"[""Contagious pustular dermatitis virus""]"
10279	[]
10497	"[""African swine fever virus ASF"", ""African swine fever virus ASFV"", ""African swine fever virus, ASFV""]"
10566	"[""Human Papilloma Virus"", ""human papillomavirus HPV""]"
10570	"[""Macaca mulatta papillomavirus 1"", ""Rhesus monkey papillomavirus"", ""Rhesus monkey papillomavirus - 1"", ""Rhesus monkey papillomavirus 1"", ""Rhesus papillomavirus type 1"", ""rhesus papillomavirus""]"
11020	[]
11029	[]
11033	[]
11137	"[""Coronavirus 229E"", ""Human coronavirus (STRAIN 229E)"", ""Human coronavirus serogroup 229E"", ""Human coronavirus strain 229E""]"
11292	"[""Rabies lyssavirus"", ""Rabies virus""]"
11318	"[""Dhori thogotovirus"", ""Dhori virus"", ""Tick-borne virus""]"
11569	"[""Thogoto thogotovirus"", ""Thogoto virus"", ""Thogoto virus THO""]"
11976	"[""Rabbit haemorrhagic disease virus"", ""rabbit hemorrhagic disease virus RHDV""]"
11978	"[""Feline vesivirus"", ""feline calicivirus FCV""]"
11983	"[""Norwalk calicivirus"", ""Norwalk virus NV""]"
12092	"[""Hepatitis A virus""]"
12475	"[""Hepatitis D virus"", ""hepatitis delta virus HDV""]"
13076	"[""Globicatella sanguis""]"
13204	"[""Phlebotomus (Larroussius) perniciosus""]"
13249	[]
13373	"[""Acinetobacter mallei"", ""Actinobacillus mallei"", ""Bacillus mallei"", ""Loefferella mallei"", ""Malleomyces mallei"", ""Pfeifferella mallei"", ""Pseudomonas mallei""]"
13658	[]
13684	"[""Depazea nodorum"", ""Leptosphaeria nodorum"", ""Phaeosphaeria nodorum"", ""Septoria nodorum"", ""Stagonospora nodorum""]"
27291	[]
27334	"[""Penicillium expansum Link, 1809""]"
27337	[]
27343	[]
27349	[]
27350	[]
27354	[]
27356	"[""Peridermium harknessii""]"
27835	"[""Heligmosomum brasiliense""]"
27845	"[""Distoma buski""]"
27848	[]
27973	[]
27978	[]
27987	[]
27996	"[""Theileria felis""]"
28015	[]
28172	[]
28182	[]
28183	[]
28184	[]
28188	"[""CDC group DF-2""]"
28450	"[""Bacillus pseudomallei"", ""Bacterium whitmori"", ""Loefflerella pseudomallei"", ""Malleomyces pseudomallei"", ""Pseudomonas pseudomallei""]"
28452	"[""Leptospira alstoni"", ""Leptospira genomosp. 1""]"
28454	"[""Cytophaga keratolytica"", ""Flavobacterium keratolyticus"", ""Flavobacterium multivorum"", ""group IIk, biotype 2""]"
28564	"[""Penicillium stipitatum""]"
28583	[]
28875	"[""Group A rotaviruses"", ""Rotavirus group A"", ""group A rotavirus""]"
28876	"[""Group B rotaviruses"", ""Rotavirus group B"", ""group B rotavirus"", ""group B rotavirus GBR""]"
28901	"[""Bacillus cholerae-suis"", ""Salmonella cholerae-suis"", ""Salmonella choleraesuis"", ""Salmonella enterica ser. choleraesuis""]"
28985	"[""Candida sphaerica"", ""Kluyveromyces drosophilarum"", ""Kluyveromyces lactis var. drosophilarum"", ""Kluyveromyces lactis var. lactis"", ""Kluyveromyces marxianus var. drosophilarum"", ""Saccharomyces drosophilarum"", ""Saccharomyces lactis"", ""Torula sphaerica"", ""Torulaspora lactis""]"
29031	"[""Bibio papatasi"", ""Phlebotomus (Phlebotomus) papatasi"", ""Phlebotomus papatasii""]"
29170	[]
29172	"[""Gordius viviparus""]"
29176	"[""Neospora caninum Liverpool"", ""Neospora caninum Nc-Liverpool""]"
29196	[]
29391	"[""Diplococcus morbillorum"", ""Peptostreptococcus morbillorum"", ""Streptococcus morbillorum""]"
29394	[]
29459	"[""Brucella melitensis (Hughes 1893) Meyer and Shaw 1920 (Approved Lists 1980)"", ""Micrococcus melitensis""]"
29460	"[""Brucella melitensis biovar Neotomae""]"
29461	"[""Brucella melitensis biovar Suis""]"
29494	[]
29506	[]
29507	[]
29508	[]
29511	[]
29520	"[""Spirochaeta crocidurae""]"
29833	"[""Hanseniaspora apiculata"", ""Kloeckera apiculata"", ""Kloeckeraspora uvarum""]"
29875	"[""Gliocladium flavofuscum"", ""Gliocladium virens"", ""Hypocrea virens"", ""Trichoderma flavofuscum""]"
29908	"[""Rhinocladium schenckii"", ""Sporotrichum schenckii""]"
29920	"[""Peronospora cactorum""]"
29924	"[""Mucor circinelloides f. lusitanicus"", ""Mucor racemosus var. lusitanicus"", ""Rhizomucor circinelloides f. lusitanicus""]"
29930	[]
30066	[]
30069	"[""Anopheles mysorensis"", ""Anopheles stephensi mysorensis"", ""Anopheles stephensi var. mysorensis"", ""Neocellia intermedia"", ""Neocellia intermedia Rothwell, 1907""]"
30076	[]
31234	"[""Caenorhabditis vulgaris"", ""Rhabditis remanei""]"
31243	"[""Heterodera rostochiensis""]"
31276	"[""Dermocystidium marinum""]"
31281	[]
31870	"[""Colletotrichopsis graminicola"", ""Dicladium graminicola"", ""Dicladium graminicolum"", ""Glomerella graminicola"", ""Steirochaete graminicola""]"
32595	"[""Piroplasma divergens""]"
32597	"[""Perkinsus atlanticus""]"
32599	[]
32600	[]
33085	[]
33178	"[""Aspergillus terrestris""]"
33188	"[""Gymnoascus siglerae"", ""Uncinocarpus reesii Sigler & G.F. Orr, 1976""]"
33205	"[""Fusidium torulosum""]"
33632	[]
33756	[]
33945	"[""Streptococcus avium""]"
33990	[]
33992	[]
34105	"[""\""Actinobacillus muris\"" (de Mello and Pais 1918) Wilson and Miles 1955"", ""Actinomyces muris"", ""Actinomyces muris ratti"", ""Asterococcus muris"", ""Haverhillia moniliformis"", ""Haverhillia multiformis"", ""Nocardia muris"", ""Proactinomyces muris"", ""Streptothrix muris ratti""]"
34373	"[""Erysiphe graminis""]"
34386	"[""Achorion schoenleinii"", ""Arthrosporia schoenleinii"", ""Grubyella schoenleinii"", ""Oidium schoenleinii"", ""Schoenleinium achorion"", ""Sporotrichum schoenleinii""]"
34387	"[""Oidium tonsurans"", ""Trichomyces tonsurans""]"
34388	"[""Achorion violaceum"", ""Arthrosporia violacea"", ""Bodinia violacea"", ""Favotrichophyton violaceum"", ""Sabouraudites violaceum""]"
34391	"[""Acrothecium floccosum"", ""Blastotrichum floccosum"", ""Dactylium floccosum"", ""Epidermomyces floccosus"", ""Epidermophyton floccosum var. floccosum"", ""Epidermophyton floccosum var. nigricans""]"
34393	"[""Closteroaleurosporia audouinii"", ""Microsporum audouinii Gruby, 1843"", ""Microsporum langeronii"", ""Microsporum langeronii (nom. inval.)"", ""Sabouraudites audouinii"", ""Sporotrichum audouinii"", ""Veronaia audouinii""]"
34458	[]
34465	[]
34475	"[""Boletus roseus"", ""Fomitopsis rosea"", ""Rhodofomes roseus (Alb. & Schwein.) Kotl. & Pouzar, 1990""]"
34504	"[""Distoma westermani""]"
34506	[]
34508	"[""Neoaplectana carpocapsae""]"
34597	"[""Ornithodoros americanus"", ""Ornithodoros turicata americanus""]"
34609	[]
34611	"[""Boophilus annulatus"", ""Ixodes annulatus"", ""Rhipicephalus (Boophilus) annulatus""]"
34612	"[""Euixodes hexagonus"", ""Pholeoixodes hexagonus""]"
34613	[]
34615	[]
34620	[]
34621	[]
34631	"[""Eurhipicephalus appendiculatus""]"
34632	"[""Ixodes sanguineus""]"
34633	[]
34690	[]
34691	[]
35231	"[""Nosema apis""]"
35570	"[""Conops calcitrans"", ""Stomoxys calcitrans (Linnaeus, 1758)""]"
35612	"[""Swine vesicular exanthema virus""]"
35717	[]
35725	"[""Macrophoma phaseolina"", ""Microphomina phaseolina"", ""Rhizoctonia bataticola"", ""Sclerotium bataticola"", ""Tiarosporella phaseolina""]"
35789	[]
35790	[]
35793	[]
35794	[]
35795	[]
36022	"[""Candida fabianii"", ""Cyberlindnera fabianii"", ""Hansenula fabianii"", ""Lindnera fabianii"", ""Pichia fabianii""]"
36035	"[""Saccharomyces ludwigii"", ""Saccharomycodes ludwigii var. ludwigii""]"
36050	"[""Sporotrichum poae""]"
36075	"[""Ganoderma sinensis""]"
36080	"[""Circinomucor circinelloides"", ""Mucor circinelloides Tiegh., 1875"", ""Mucor circinelloides f. circinelloides"", ""Rhizomucor circinelloides"", ""Rhizomucor circinelloides f. circinelloides"", ""Rhizomucor regularior"", ""Rhizomucor regularior (R.Y. Zheng & G.Q. Chen) R.Y. Zheng, X.Y. Liu & R.Y. Li, 2009"", ""Rhizomucor variabilis var. regularior""]"
36087	"[""Ascaris trichiura""]"
36090	"[""Heterodera pallida""]"
36329	"[""Plasmodium falciparum (isolate 3D7)""]"
36330	[]
36331	"[""Pythium irregulare""]"
36427	"[""Group C rotaviruses"", ""Rotavirus group C"", ""group C rotavirus""]"
36630	"[""Aspergillus fischerianus"", ""Neosartorya fischeri""]"
36651	"[""Monilia digitata""]"
36779	"[""Gaeumannomyces graminis var. tritici""]"
36855	"[""Brucella melitensis biovar Canis""]"
36911	"[""Candida lusitaniae"", ""Clavispora imtechensis"", ""Clavispora imtechensis (nom, inval.)""]"
36914	"[""Saccharomyces elongisporus""]"
37001	[]
37360	[]
37629	"[""Gyrodactylus thymalli""]"
37727	"[""Penicillium marneffei""]"
37734	"[""Enterococcus flavescens"", ""Streptococcus casseliflavus"", ""Streptococcus faecium subsp. casseliflavus"", ""Streptococcus faecium var. casseliflavus"", ""Streptococcus flavescens""]"
37769	"[""Cryptococcus gattii (Vanbreus. & Takashio) Kwon-Chung & Boekhout 2002"", ""Cryptococcus gattii VGI"", ""Cryptococcus gattii var. gattii"", ""Cryptococcus neoformans var. gattii"", ""Cryptococcus neoformans var. shanghaiensis (nom. inval.)""]"
37816	"[""Flinders Island spotted fever rickettsia"", ""Thai tick typhus rickettsia""]"
37862	[]
37863	"[""Neoaplectana glaseri""]"
38033	"[""Chaetomium rectum""]"
38082	[]
38293	"[""Listonella damsela (Love et al. 1982) MacDonell and Colwell 1986"", ""Listonella damselae corrig. (Love et al. 1982) MacDonell and Colwell 1986"", ""Photobacterium damsela"", ""Photobacterium damselae corrig. (Love et al. 1982) Smith et al. 1991"", ""Photobacterium histaminum"", ""Vibrio damsela Love et al. 1982"", ""Vibrio damselae corrig. Love et al. 1982""]"
38323	"[""Rochalimaea henselae""]"
38448	"[""Ciboria fructicola"", ""Monilia fructicola""]"
38767	"[""Duvenhage lyssavirus"", ""Duvenhage virus""]"
38802	[]
38804	"[""Yaba virus""]"
39843	[]
40052	"[""Changuinola virus group""]"
40053	"[""Corriparta virus group""]"
40057	"[""Lebombo virus group""]"
40058	"[""Orungo virus group""]"
40091	[]
40127	[]
40135	"[""Nosema bombi""]"
40199	"[""Fusisporium avenaceum"", ""Gibberella avenacea"", ""Gibberella avenacea R.J. Cook, 1967""]"
40262	[]
40284	[]
40285	"[""Leishmania (Leishmania) gerbilli"", ""Leishmania gerbilii""]"
40302	"[""Nosema ceranae""]"
40324	"[""Pseudomonas maltophilia (ex Hugh and Ryschenkow 1961) Hugh 1981"", ""Xanthomonas maltiphilia"", ""Xanthomonas maltophilia"", ""Xanthomonas maltophilia (Hugh 1981 ex Hugh and Ryschenkow 1961) Swings et al. 1983""]"
40348	"[""Sclerostoma vulgare""]"
40355	"[""Acrotheca pedrosoi"", ""Carrionia pedrosoi"", ""Gomphinaria pedrosoi"", ""Hormodendroides pedrosoi"", ""Hormodendrum pedrosoi"", ""Phialophora pedrosoi"", ""Rhinocladiella pedrosoi"", ""Trichosporum pedrosianum"", ""Trichosporum pedrosoi""]"
40380	[]
40381	"[""Emericella unguis"", ""Sterigmatocystis unguis""]"
40382	"[""Sterigmatocystis ustus""]"
40410	"[""Cryptococcus neoformans var. neoformans"", ""Filobasidiella neoformans var. neoformans""]"
40437	"[""Agaricus quercinus"", ""Daedalea quercina""]"
40442	"[""Boletus fomentarius""]"
40483	"[""Boletus pinicola"", ""Fomes pinicola""]"
40559	"[""Botryotinia fuckeliana"", ""Botrytis cinerea Pers., 1801"", ""Peziza fuckeliana"", ""Sclerotinia fuckeliana""]"
40834	"[""Borrelia duttonii corrig. (Novy and Knapp 1906) Bergey et al. 1925 (Approved Lists 1980)"", ""Spirochaeta duttoni""]"
40835	"[""Borrelia hispanica (de Buen 1926) Steinhaus 1946 (Approved Lists 1980)"", ""Spirochaeta hispanica""]"
40993	"[""Rhopalocystis carbonaria"", ""Sterigmatocystis carbonaria""]"
41047	"[""Aspergillus fischeri var. thermomutatus"", ""Neosartorya pseudofischeri""]"
41063	"[""Aspergillus zonatus""]"
41066	[]
41067	[]
41068	[]
41413	"[""Aspergillus herbariorum"", ""Eurotium herbariorum (F.H. Wigg.) Link ex Nees, 1816"", ""Mucor glaucus"", ""Mucor herbariorum""]"
41427	[]
41456	[]
41668	"[""Entamoeba moskovskii""]"
41688	"[""Scedosporium inflatum"", ""Scedosporium prolificans""]"
41984	"[""Aspergillus tamari""]"
42067	"[""Pneumocystis carinii f. sp. oryctolagi""]"
42068	[]
42155	[]
42156	[]
42157	[]
42327	"[""Fusarium solani var. ventricosum"", ""Nectria ventricosa"", ""Rectifusarium ventricosum""]"
42373	[]
42374	"[""Candida dublinionensis""]"
42399	"[""Nosema corneum""]"
42458	"[""Absidia corymbifera"", ""Mucor corymbifer"", ""Mycocladus corymbifer"", ""Mycocladus corymbiferus""]"
42665	"[""Gibberella indica""]"
42668	[]
42671	[]
42672	[]
42673	"[""Gibberella nygamai""]"
42677	"[""Fusarium fujikuroi var. subglutinans"", ""Fusarium moniliforme var. subglutinans"", ""Gibberella fujikuroi var. subglutinans"", ""Gibberella subglutinans""]"
42742	"[""Ceriporiopsis subvermispora"", ""Gelatoporia subvermispora (Pilat) Niemel 1985"", ""Poria subvermispora""]"
42747	[]
42839	[]
42862	"[""Rickettsia azadi""]"
42890	[]
43041	"[""Neocellia christyi Newstead &""]"
43075	[]
43142	"[""Acanthmoeba culbertsonii""]"
43151	"[""Anopheles paulistensis"", ""Nyssorhynchus darlingi""]"
44093	"[""Candida ciferrii"", ""Stephanoascus ciferrii"", ""Trichomonascus ciferrii""]"
44250	"[""Bacillus alvei""]"
44386	[]
44411	[]
44412	[]
44415	[]
44448	"[""Borrelia persica (Dschunkowsky 1913) Steinhaus 1946 (Approved Lists 1980)""]"
44449	"[""Borrelia recurrentis (Lebert 1874) Bergey et al. 1925 (Approved Lists 1980)"", ""Spirochaete obermeieri"", ""Spiroschaudinnia recurrentis""]"
44689	[]
45357	"[""Candida haemuli (Uden & Kolip.) S.A. Mey. & Yarrow 1978"", ""Candida haemulonii"", ""Candida haemulonis"", ""Torulopsis haemuli Uden & Kolip., 1962"", ""Torulopsis haemuloni""]"
45464	"[""Ostertagia circumcincta"", ""Strongylus circumcinctus""]"
45524	"[""Candida blankii""]"
45573	"[""Candida oleophila""]"
45617	"[""HERV-K provirus"", ""Human Mmtv-Like (HML) retrovirus"", ""Human Mmtv-Like retrovirus"", ""Human endogenous retrovirus HERV-K"", ""Human endogenous retrovirus HML"", ""Human endogenous retrovirus type K""]"
45796	[]
46124	"[""Abiotrophia adiacens"", ""Abiotrophia adjacens"", ""Streptococcus adjacens""]"
46125	"[""Streptococcus defectivus""]"
46472	"[""Aspergillus versicolor (Vuill.) Tirab., 1908"", ""Emericella versicolor"", ""Sterigmatocystis versicolor""]"
46681	[]
46835	[]
47425	[]
47427	"[""Armillaria bulbosa"", ""Armillaria lutea""]"
47428	"[""Armillariella ostoyae""]"
47466	[]
47662	"[""Boletus villosus""]"
47715	"[""Lactobacillus casei rhamnosus"", ""Lactobacillus casei subsp. rhamnosus"", ""Lactobacillus rhamnosus""]"
47755	[]
47756	[]
47803	[]
48022	[]
48269	"[""Bilharzia margrebowiei""]"
48484	[]
48485	"[""Fusisporium anthophilum""]"
48486	[]
48487	[]
48488	[]
48490	"[""Gibberella circinata""]"
48491	[]
48492	"[""Fusarium polyphialidicum"", ""Fusarium polyphialidicum Marasas, P.E. Nelson, Toussoun & P.S. van Wyk, 1986""]"
48493	"[""Fusarium moniliforme var. lactis""]"
48495	[]
48496	[]
48507	[]
48703	"[""Triangularia comata""]"
48782	[]
48799	"[""Filaria digitata""]"
48865	"[""Fusarium oxysporum var. redolens""]"
49012	"[""Ustilago scitaminea""]"
49331	"[""Candida pararugosa""]"
50376	"[""Fusicladium effusum"", ""Venturia effusa (G. Winter) Rossman & W.C. Allen, 2016""]"
50990	"[""Gerronema melleum""]"
51019	[]
51022	"[""Agchylostoma duodenale""]"
51028	"[""Ascaris vermicularis""]"
51029	[]
51031	[]
51298	"[""Vespertilio myotis""]"
51314	[]
51315	[]
51316	[]
51453	"[""Hypocrea jecorina""]"
51541	"[""Glugea lophii""]"
51637	[]
51669	"[""Pediococcus halophilus"", ""Pediococcus soyae"", ""Sarcina hamaguchiae"", ""Tetracocccus No. 1"", ""Tetragenococcus halophila""]"
52066	"[""Neoaplectana feltiae""]"
52283	"[""Sarcoptes scabiei type canis"", ""Sarcoptes scabiei type chimp"", ""Sarcoptes scabiei type hominis"", ""Sarcoptes scabiei type suis"", ""Sarcoptes scabiei type wallaby"", ""Sarcoptes scabiei type wombati"", ""Sarcoptes scabiei var. canis"", ""Sarcoptes scabiei var. chimp"", ""Sarcoptes scabiei var. hominis"", ""Sarcoptes scabiei var. nyctereutis"", ""Sarcoptes scabiei var. suis"", ""Sarcoptes scabiei var. wallaby"", ""Sarcoptes scabiei var. wombati""]"
52288	[]
52586	"[""Uncinula necator""]"
53326	[]
53345	"[""Streptococcus durans""]"
53468	[]
53552	"[""Culex cyaneus""]"
53958	[]
53992	"[""Cyathostomum nassatus""]"
54126	[]
54736	"[""Salmonella cholerae-suis subsp. bongori"", ""Salmonella choleraesuis subsp. bongori"", ""Salmonella enterica V"", ""Salmonella enterica subsp. V"", ""Salmonella enterica subsp. bongori""]"
54757	"[""Plasmodium vinckei subsp. vinckei""]"
55588	"[""Uredo viciae-fabae"", ""Uromyces fabae""]"
56406	[]
56642	[]
56646	"[""Fusarium venetum""]"
56665	[]
56676	[]
57047	"[""Acarus reticulatus"", ""Dermacentor pictus""]"
57143	[]
57145	"[""Bisifusarium dimerum"", ""Microdochium dimerum""]"
57148	"[""Nectria setofusarii"", ""Setofusarium setosum""]"
57149	"[""Creonectria atrofusca"", ""Cucurbitaria atrofusca"", ""Geejayessia atrofusca"", ""Nectria atrofusca"", ""Pseudodiplodia atrofusca"", ""Sphaeria atrofusca"", ""Valsaria atrofusca""]"
57150	"[""Gibberella stilboides""]"
57154	"[""Cyanonectria buxi"", ""Gibbera buxi"", ""Gibberella buxi"", ""Lisea buxi""]"
57161	"[""Albonectria rigidiuscula"", ""Nectria rigidiuscula""]"
57460	"[""Phyllactinia suffulta var. moricola""]"
57462	"[""Uncinula shiraiana""]"
57679	"[""Apiotrichum curvatum"", ""Azymocandida curvata"", ""Candida curvata"", ""Candida heveanensis var. curvata"", ""Cryptococcus curvatus"", ""Cutaneotrichosporon curvatum (Diddens & Lodder) A.M. Yurkov, X.Z. Liu, F.Y. Bai, M. Groenew. & Boekhout, 2015"", ""Vanrijia curvata""]"
58291	"[""Rhizopus rhizopodiformis""]"
58627	"[""Debaryomyces hansenii var. fabryi""]"
58839	"[""Septata intestinalis""]"
59301	[]
59628	"[""Paragonimus miyazakii""]"
59747	[]
59799	"[""Crithidia deanei""]"
60197	[]
60249	"[""Ixodes albipictus""]"
60516	"[""Diphyllobothrium latum"", ""Taenia lata""]"
60517	"[""Taenia saginata asiatica""]"
61180	"[""Strongylus dentatus""]"
61235	"[""Gibberella intricans"", ""Selenosporium equiseti""]"
61273	"[""Ceratostomella piceae""]"
61284	"[""Gibberella tricincta"", ""Selenosporium tricinctum""]"
61605	[]
61645	"[""CDC Enteric Group 17"", ""Enterobacter muelleri""]"
62297	[]
62324	[]
62708	"[""Erysiphe cichoracearum"", ""Golovinomyces cichoracearum (DC.) Heluta, 1988""]"
62714	"[""Erysiphe magnacellulata"", ""Erysiphe magnicellulata""]"
62727	"[""Erysiphe fusca"", ""Sphaerotheca cucurbitae"", ""Sphaerotheca fuliginea f. cucurbitae"", ""Sphaerotheca fusca""]"
63387	[]
63402	"[""Achorion gypseum"", ""Arthroderma gypseum"", ""Closterosporia gypsea"", ""Gymnoascus gypseus"", ""Microsporum gypseum"", ""Microsporum gypseum var. vinosum"", ""Nannizzia gypsea (Nannizzi) Stockdale"", ""Sabouraudites gypseus"", ""Thallomicrosporon kuehnii"", ""Trichophyton gypseum""]"
63405	"[""Arthroderma otae"", ""Arthroderma otae (A. Haseg. & Usui) McGinnis, Weitzman, A.A. Padhye & Ajello, 1986"", ""Nannizzia otae""]"
63406	"[""Arthroderma simii"", ""Epidermophyton simii"", ""Pinoyella simii""]"
63417	"[""Ectotrichophyton verrucosum"", ""Favotrichophyton verrucosum""]"
63418	[]
63419	"[""Achorion concentricum"", ""Aspergillus concentricum"", ""Endodermophyton concentricum"", ""Lepidophyton concentricum"", ""Mycoderma concentricum"", ""Oospora concentrica""]"
63577	"[""Hypocrea atroviridis""]"
64372	[]
64495	"[""Rhizopus arrhizus var. arrhizus"", ""Rhizopus arrhizus var. tonkinensis"", ""Rhizopus chiuniang"", ""Rhizopus formosaensis"", ""Rhizopus hangchow"", ""Rhizopus hangchow M. Yamaz., 1918"", ""Rhizopus javanicus"", ""Rhizopus liquefaciens"", ""Rhizopus oryzae"", ""Rhizopus oryzae Went & Prins. Geerl., 1895"", ""Rhizopus peka"", ""Rhizopus pseudochinensis"", ""Rhizopus suinus"", ""Rhizopus tamari"", ""Rhizopus thermosus"", ""Rhizopus tonkinensis"", ""Rhizopus tritici""]"
64517	"[""Chytridium rosea"", ""Karlingia rosea""]"
64648	[]
65070	"[""Rheosporangium aphanidermatum""]"
65658	[]
65659	[]
65661	[]
65662	[]
66527	[]
66851	"[""Methanocatella oralis""]"
67003	[]
67593	[]
67680	"[""Brachiola algerae"", ""Nosema algerae"", ""Visvesvaria algerae""]"
68878	"[""Kerteszia cruzii""]"
68886	[]
68887	"[""Hepatitis TT virus"", ""TT virus"", ""unidentified ssDNA virus TA278""]"
68888	"[""Trichocephalus suis""]"
69004	"[""Anopheles farauti sensu stricto""]"
69218	"[""CDC Enteric Group 19"", ""Enterobacter taylorae"", ""Erwinia cancerogena""]"
69891	"[""Langeronia soudanensis""]"
70186	[]
70415	"[""Trichocephalus muris""]"
70536	"[""Nosema aedis""]"
70667	"[""Taenia solida""]"
70751	"[""Fusarium sp. NRRL25184""]"
71452	[]
71465	"[""Cylichnostomum goldi""]"
71804	[]
72149	"[""Aichi virus A"", ""Aichivirus A""]"
72197	[]
72359	[]
72491	[]
72494	"[""Conorhinus sanguisuga"", ""Triatoma ambigua"", ""Triatoma sanguisuga ambigua""]"
72558	"[""Cintractia reiliana"", ""Sorosporium reilianum"", ""Sphacelotheca reiliana"", ""Ustilago reiliana""]"
73230	"[""Ajellomyces crescens"", ""Chrysosporium parvum var. crescens"", ""Emergomyces crescens"", ""Emmonsia crescens"", ""Emmonsia parva var. crescens""]"
73239	"[""Plasmodium yoelii subsp. yoelii""]"
73501	"[""Clavaria militaris""]"
73868	[]
74722	"[""Oidium chartarum"", ""Oospora chartarum"", ""Stachybotrys atrus"", ""Stilbospora chartarum""]"
74869	[]
74873	"[""Anopheles (Anopheles) sinensis""]"
75058	[]
75750	"[""Sterigmatocystis sydowii""]"
75913	[]
75915	[]
76773	[]
76775	[]
76777	[]
77020	"[""Pityrosporum pachydermatis""]"
77205	"[""Arthrosporia ferruginea"", ""Grubyella ferruginea"", ""Trichophyton ferrugineum""]"
77846	"[""Fusarium sp. (FCSC 4-a)"", ""Fusarium sp. FCSC 4-a""]"
78579	"[""Chrysosporium thermophilum"", ""Myceliophthora thermophila"", ""Sporotrichum thermophilum Apinis 1963"", ""Thermothelomyces thermophilus (Apinis) Y. Marn, Stchigel, Guarro & Cano, 2015""]"
78861	[]
78863	[]
78864	"[""Fusarium globosum var. globosum""]"
79018	"[""Fusarium sacchari var. elongatum""]"
79249	"[""Sphaerotheca leucotricha""]"
79252	"[""Alphitomorpha aphanis"", ""Podosphaera aphanis var. aphanis"", ""Sphaerotheca aphanis"", ""Sphaerotheca aphanis var. aphanis""]"
79327	"[""Dugesia (Schmidtea) mediterranea"", ""Dugesia mediterranea""]"
79591	[]
79782	[]
79923	"[""Distoma sinense"", ""Opisthorchis sinensis""]"
80884	[]
81056	"[""Macrohyporia cocos"", ""Pachyma cocos"", ""Poria cocos"", ""Sclerotium cocos""]"
81058	"[""Polyporus epimiltinus"", ""Tinctoporellus epimiltinus""]"
81478	[]
82101	[]
82102	[]
82268	[]
82310	"[""Peniophora gigantea"", ""Phlebiopsis gigantea (Fries) Juelich"", ""Thelephora gigantea""]"
82508	"[""Trichosporon asahii Akagi ex Sugita, A. Nishikawa & Shinoda, 1994""]"
82521	"[""Endomycopsis montevidensis"", ""Trichosporon montevideense""]"
82660	[]
82932	[]
83296	[]
83332	"[""Mycobacterium sp. H37Rv"", ""Mycobacterium tuberculosis str. H37Rv"", ""Mycobacterium tuberculosis strain H37Rv""]"
83554	"[""Chlamydophila psittaci"", ""Chlamydozoon psittaci"", ""Ehrlichia psittaci"", ""Rickettsia psittaci"", ""Rickettsiaformis psittacosis""]"
84751	"[""Anthracocystis flocculosa"", ""Sporothrix flocculosa"", ""Stephanoascus flocculosus""]"
84753	"[""Candida antarctica"", ""Moesziomyces antarcticus (Goto, Sugiyama & Iizuka) Q.M. Wang, Begerow, F.Y. Bai & Boekhout, 2015"", ""Pseudozyma antarctica"", ""Sporobolomyces antarcticus"", ""Trichosporon oryzae""]"
84754	"[""Pseudozyma aphidis"", ""Pseudozyma aphidis DSM 70725"", ""Sterigmatomyces aphidis""]"
84963	[]
85056	"[""Trypanosoma cruzi subsp. marinkellei""]"
85057	[]
85433	"[""Rodentolepis microstoma""]"
85471	"[""Haemamoeba relicta"", ""Plasmodium (Haemamoeba) relictum""]"
85698	"[""Achromobacter xilosoxidans"", ""Achromobacter xylosoxidans subsp. xylosoxidans"", ""Achromobacter xylosoxydans"", ""Alcaligenes denitrificans subsp. xylosoxydans"", ""Alcaligenes xylosoxidans"", ""Alcaligenes xylosoxidans subsp. xylosoxidans"", ""Alcaligenes xylosoxydans""]"
86049	"[""Cladosporium carrionii""]"
86056	"[""Ramichloridium mackenziei""]"
86256	[]
86257	"[""Fusicladium carpophilum"", ""Fusicladosporium carpophilum""]"
86259	[]
86545	"[""Fusarium sporotrichioides var. chlamydosporum""]"
86546	[]
86547	"[""Fusarium sublunatum var. sublunatum""]"
86630	"[""Rhizopus microsporus var. azygosporus""]"
86804	"[""Caeoma trichophorum""]"
88456	[]
89093	[]
89421	[]
89586	"[""Candidatus Neoehrlichia mikurensis""]"
89924	"[""Cryptococcus heveanensis"", ""Torula heveanensis""]"
89926	"[""Cryptococcus macerans""]"
89940	"[""Cladosporium bantianum"", ""Cladosporium trichoides"", ""Torula bantiana"", ""Xylohypha bantiana""]"
90245	"[""Moraxella urethralis""]"
90984	[]
90986	[]
91626	[]
91928	"[""Phialophora spinifera"", ""Rhinocladiella spinifera""]"
91943	"[""Cladosporium werneckii"", ""Exophiala werneckii""]"
92696	"[""Hydnum ochraceum""]"
93218	[]
93678	"[""Torque teno mini virus""]"
93830	[]
93969	[]
94034	"[""Multiceps multiceps"", ""Taenia skrjabini""]"
94469	"[""Phlebotomus (Euphlebotomus) argentipes""]"
94625	"[""\""Brucella intermedia\"" (Velasco et al. 1998) Hordt et al. 2020"", ""Ochrobactrum intermedium""]"
94626	"[""Ochrobactrum tritici""]"
94627	"[""Ochrobactrum grignonense""]"
94643	[]
95342	"[""Human calicivirus SLV""]"
95742	[]
96644	"[""Rhabditis spiculigera""]"
97005	[]
97098	[]
97331	"[""Duddingtonia flagrans"", ""Trichothecium flagrans""]"
98765	"[""Phlebia centrifuga""]"
98777	"[""Merulius tremellosus""]"
99000	[]
99158	[]
99802	"[""Dubium erinaceieuropaei"", ""Spirometra erinacei""]"
100053	"[""Leptospira genomosp. 2"", ""Leptospira genomospecies 2"", ""Leptospira genospecies 2""]"
100268	[]
100269	[]
100816	"[""Madurella ikedae"", ""Streptothrix mycetomatis Laveran, 1902""]"
100861	[]
100951	"[""Cryptococcus albidus (Saito) C.E. Skinner, 1950"", ""Cryptococcus albidus var. ovalis"", ""Cryptococcus albidus var. ovalis Sugiy. & Goto, 1967"", ""Cryptococcus kuetzingii"", ""Cryptococcus kuetzingii Fell & Phaff, 1967"", ""Rhodotorula albida"", ""Torula albida"", ""Torulopsis albida"", ""Torulopsis nadaensis"", ""Torulopsis neoformans var. albida""]"
101028	[]
101203	[]
101480	"[""Epidermophyton interdigitale"", ""Kaufmannwolfia interdigitalis"", ""Microides interdigitalis"", ""Sabouraudites interdigitalis"", ""Trichophyton mentagrophytes var. interdigitale"", ""Trichophyton sp. 'interdigitale I'"", ""Trichophyton sp. 'interdigitale II'"", ""Trichophyton sp. 'interdigitale XI'""]"
102285	"[""Hymenolepis nana""]"
103449	"[""Pleistophora culicis""]"
103827	[]
104341	"[""Oligoporus placenta (Fr.) Gilb. & Ryvarden, 1985"", ""Polyporus placenta"", ""Postia placenta""]"
105351	"[""Aspergillus niger var. awamori""]"
105697	[]
105768	"[""Farysizyma acheniorum"", ""Rhodotorula acheniorum"", ""Sterigmatomyces acheniorum""]"
106403	[]
108461	"[""Ceratostomella quercus""]"
108572	[]
108607	"[""Phreatamoeba balamuthi""]"
109232	[]
109760	"[""Phlyctochytrium punctatum""]"
109871	[]
109884	"[""Chytriomyces annulatus""]"
109889	"[""Chytriomyces angularis""]"
109894	"[""Powellomyces variabilis""]"
109895	[]
109932	[]
109957	"[""Nowakowskiella obscura""]"
110365	[]
112090	[]
112098	"[""Saprolegnia declina""]"
112268	[]
114155	"[""Trametes squalens""]"
114742	[]
114810	[]
114890	[]
115417	"[""Pythium iwayamae""]"
115425	[]
117008	"[""Cryptosporidium andersonii""]"
117174	"[""Lycoperdon tritici"", ""Ustilago segetum var. tritici"", ""Ustilago segetum var. tritici (Pers.) Brunaud, 1878""]"
117187	"[""Fusarium moniliforme"", ""Fusarium moniliforme J. Sheld., 1904"", ""Oospora verticillioides""]"
117820	"[""Phlyctochytrium palustre"", ""Spizellomyces palustris""]"
117903	"[""Polystoma xenopi""]"
118027	"[""Nelson Bay virus"", ""Nelson bay reovirus""]"
119219	"[""Ralstonia metallidurans"", ""Wautersia metallidurans""]"
119398	[]
120017	"[""Uredo segetum var. hordei"", ""Ustilago kolleri"", ""Ustilago segetum""]"
120577	"[""Brucella cetaceae"", ""Brucella melitensis biovar Ceti""]"
120644	"[""Fusarium thapsina"", ""Gibberella thapsina""]"
121225	[]
121759	"[""Loboa loboi"", ""Zymonema brasiliensis""]"
122381	"[""Fusarium sp. NRRL25303""]"
126728	[]
128991	"[""Pediculus columbae""]"
131310	[]
131363	"[""Monacrosporium ambrosium""]"
131364	"[""Haematonectria illudens"", ""Nectria illudens"", ""Neocosmospora illudens""]"
135283	"[""Erysiphe xanthii"", ""Podosphaera xanthii (Castagne) U. Braun & Shishkoff, 2000"", ""Sphaerotheca xanthii""]"
135588	[]
135651	"[""Caenorhabditis CB5161""]"
138278	[]
138279	[]
138297	[]
138298	[]
139045	[]
139047	"[""Kerteszia bellator""]"
139723	[]
140438	"[""Aedes (Finlaya) japonicus"", ""Culex japonicus"", ""Ochlerotatus japonicus""]"
141969	"[""Oscheius sp. CEW1"", ""Oscheius sp. FVV-1"", ""Oscheius sp. JU179"", ""Oscheius sp. PS1131"", ""Oscheius sp. PS2070"", ""Oscheius sp. PS959"", ""Oscheius sp. PS966"", ""Oscheius sp. SB128"", ""Rhabditis tipulae""]"
142058	[]
144512	"[""Trichinella T5""]"
146866	[]
147828	"[""Distomum felineum""]"
148304	"[""Magnaporthe poae""]"
148309	[]
148818	"[""Flabelliforma magnivora"", ""Neoflabelliforma magnivora""]"
152502	[]
154122	[]
154344	"[""Ganoderma meredithae Adask. & Gilb., 1988""]"
154538	"[""Boletus pubescens""]"
156442	[]
156974	"[""Dysgonomonas gadei""]"
157072	[]
157538	"[""Trypanosomatidae 124AL"", ""Trypanosomatidae 14G""]"
158314	"[""Boletus umbellatus"", ""Grifola umbellata""]"
158605	"[""Polyporus coccineus"", ""Pycnoporus coccineus""]"
158606	"[""Boletus sanguineus"", ""Coriolus sanguineus"", ""Fabisporus sanguineus"", ""Microporus sanguineus"", ""Polyporus sanguineus"", ""Polystictus sanguineus"", ""Pycnoporus sanguineus (L.) Murrill 1904"", ""Trametes sanguinea (L.) Lloyd, 1924""]"
158836	"[""Enterobacter hormaechei O'Hara et al. 1990""]"
162425	"[""Aspergillus nidulans (Eidam) G. Winter, 1884"", ""Aspergillus nidulellus"", ""Emericella nidulans"", ""Sterigmatocystis nidulans""]"
163159	[]
164328	[]
164912	"[""Thelohania contejeani""]"
166010	[]
166011	"[""Anguillula dipsaci""]"
166112	[]
169388	"[""Fusisporium solani"", ""Neocosmospora solani""]"
170000	"[""Physopella pachyrhizi""]"
174685	[]
174720	"[""Trichosoma papillosus""]"
176275	"[""Beauveria bassiana var. bassiana"", ""Botrytis bassiana"", ""Cordyceps bassiana"", ""Penicillium bassianum"", ""Spicaria bassiana"", ""Tritirachium shiotae""]"
178214	[]
178876	[]
179676	"[""Culicodes variipennis albertensis"", ""Culicoides albertensis"", ""Culicoides variipennis sonorensis""]"
179775	"[""Endothia macrospora""]"
179993	[]
180228	"[""Neoparamoeba pemaquidensis""]"
180454	"[""Anopheles gambiae PEST""]"
181123	"[""Puccinia psidii G. Winter, 1884""]"
183586	[]
185214	"[""Liposcelis granicola""]"
185366	[]
185431	"[""Trypanosoma brucei TREU927"", ""Trypanosoma brucei brucei strain 927/4 GUTat10.1"", ""Trypanosoma brucei strain TREU927""]"
185578	"[""Myzomyia nili""]"
186733	"[""\""Kurlovia (Ehrlichia) bovis\"" Zhdanov 1953"", ""Ehrlichia bovis"", ""Rickettsia bovis""]"
186751	[]
187221	"[""Endothia nitschkei""]"
188700	[]
189291	[]
189622	[]
190385	[]
192009	"[""Fusarium sterilihyphosum Britz, Marasas & M.J. Wingf., 2002""]"
192010	[]
194440	[]
194441	[]
194443	[]
194684	"[""Ceriporia lacerata"", ""Emmia lacerata""]"
195010	"[""causative agent of Denman Island disease in Oysters""]"
195108	"[""Acremonium falciforme"", ""Cephalosporium falciforme"", ""Neocosmospora falciformis""]"
196228	"[""Boletus resinosus"", ""Polyporus resinosus""]"
196912	[]
199306	[]
199890	[]
201502	[]
202919	[]
203535	[]
203904	[]
203908	[]
204269	"[""Great Island virus (GIV)""]"
208224	"[""NIH group 21""]"
208348	[]
208452	[]
209941	"[""Psocus variegatus""]"
211522	[]
212602	"[""Oidium neolycopersici"", ""Pseudoidium neolycopersici""]"
212818	[]
214684	"[""Cryptococcus neoformans JEC21"", ""Cryptococcus neoformans var. neoformans serotype D JEC21"", ""Cryptococcus neoformans var. neoformans strain JEC21"", ""Filobasidiella neoformans var. neoformans strain JEC21""]"
215243	[]
215448	"[""Prototheca stagnora""]"
215590	"[""Ochrobactrum gallinifaecis""]"
221167	"[""Gibberella xylarioides"", ""Gibberella xylarioides (nom. inval.)""]"
225359	"[""Erysiphe pulchra var. pulchra"", ""Microsphaera pulchra"", ""Microsphaera pulchra var. pulchra""]"
225610	"[""Bisifusarium domesticum"", ""Trichothecium domesticum""]"
230073	"[""Ceratocystis montium"", ""Ceratostomella montium""]"
231269	"[""Fusarium chlamydosporum var. fuscum""]"
231932	"[""Peniophora carnosa""]"
232081	"[""Neocosmospora tucumaniae""]"
232082	"[""Neocosmospora virguliformis""]"
235443	"[""Cryptococcus neoformans var. grubii serotype A H99""]"
237895	[]
238800	[]
239206	"[""Coriolopsis polyzona"", ""Funalia polyzona"", ""Polyporus polyzonus"", ""Trametes polyzona (Pers.) Justo, 2011""]"
241478	[]
242475	"[""Melampsora allii-populina Kleb., 1902""]"
243550	[]
244366	"[""Klebsiella singaporensis""]"
246404	"[""Chytridium confervae""]"
246410	[]
246455	[]
249398	[]
249478	"[""Lundquistia fascicularis"", ""Lundquistia panici-leucophaei"", ""Sphacelotheca panici-leucophaei"", ""Sporisorium fascicularis"", ""Sporisorium panici-leucophaei"", ""Ustilago panici-leucophaei""]"
249486	[]
253628	"[""Dactylaria gallopava"", ""Diplorhinotrichum gallopavum"", ""Ochroconis gallopava"", ""Scolecobasidium gallopavum""]"
255457	"[""Ochrobactrum lupini Trujillo et al. 2006""]"
263815	"[""Pneumocystis carinii f. sp. muris""]"
264361	[]
264951	"[""Byssochlamys spectabilis"", ""Paecilomyces spectabilis"", ""Paecilomyces variotii Bainier, 1907"", ""Talaromyces spectabilis""]"
266040	[]
268505	"[""Cordyceps unilateralis"", ""Torrubia unilateralis""]"
269767	[]
269814	[]
272952	"[""Hyaloperonospora arabidopsis"", ""Peronospora arabidopsidis""]"
273372	"[""Candida metapsilosis"", ""Candida parapsilosis group III""]"
277944	"[""Coronavirus NL63"", ""Human coronavirus NL""]"
278021	"[""Nosema locustae"", ""Paranosema locustae""]"
279532	"[""Glugea muelleri"", ""Pleistophora muelleri"", ""Pleistophora mulleri""]"
280036	"[""Pseudozyma graminicola""]"
281068	[]
281087	[]
281687	[]
282267	[]
282268	[]
282269	[]
282270	[]
282271	[]
282272	[]
282301	[]
282569	"[""Gibberella gaditjirri""]"
283643	[]
284591	[]
286115	"[""Chrysophlyctis endobiotica""]"
288439	"[""Dictyocoela sp. L11""]"
289476	[]
290028	"[""CoV-HKU1"", ""Human CoV/HKU1""]"
290746	"[""Cephalobus nanus""]"
291195	[]
293069	"[""Leptospira genomosp. 5""]"
293075	"[""Leptospira genomosp. 4""]"
293085	"[""Leptospira genomosp. 3""]"
293227	"[""Phialophora europaea""]"
293939	[]
294747	"[""Candida tropicalis T1""]"
298350	[]
298378	"[""Fusarium pallidoroseum"", ""Fusarium semitectum"", ""Fusisporium incarnatum""]"
299130	[]
299467	[]
299767	"[""Enterobacter ludwigii Hoffmann et al. 2005""]"
300180	"[""Mopeia Lassa reassortant 29"", ""Mopeia reassortant ML29""]"
301541	[]
301854	[]
303317	[]
306088	[]
306582	[]
307758	"[""Ustilago carbo var. bromivora""]"
310047	[]
315945	"[""Pseudallescheria minutispora""]"
315946	[]
318279	"[""Human T-lymphotropic virus type 4""]"
318479	"[""Gordius medinensis""]"
318829	"[""Magnaporthe oryzae"", ""Magnaporthe oryzae B.C. Couch, 2002""]"
319626	[]
319629	[]
321387	"[""Strongylus vasorum""]"
323732	[]
324705	"[""Ceratocystis angusticollis""]"
324769	"[""Cryptococcus bestiolae""]"
324770	"[""Cryptococcus dejecticola""]"
325632	"[""Ceratocystis perfecta""]"
327079	[]
327080	"[""Pseudozyma shanxiensis""]"
328185	[]
330153	"[""Perkinsus andrewsi"", ""Perkinsus sp. ATCC 50807""]"
332952	[]
333754	"[""Human papillomavirus - 6"", ""Human papillomavirus 6""]"
333757	"[""Human papillomavirus - 7"", ""Human papillomavirus 7""]"
333766	[]
333767	"[""Human papillomavirus - 61"", ""Human papillomavirus 61""]"
333924	[]
334203	"[""Human papillomavirus - 1"", ""Human papillomavirus 1""]"
334204	"[""Human papillomavirus - 63"", ""Human papillomavirus 63""]"
334207	[]
334208	[]
334209	[]
334426	"[""Angiostrongylus (Parastrongylus) costaricensis""]"
334545	[]
335286	"[""Ochrobactrum oryzae""]"
337039	"[""Human papillomavirus - 10""]"
337041	[]
337042	[]
337043	"[""Human papillomavirus - 2"", ""Human papillomavirus 2""]"
337044	"[""Human papillomavirus - 26"", ""Human papillomavirus 26""]"
337048	"[""Human papillomavirus - 32""]"
337049	"[""Human papillomavirus - 34"", ""Human papillomavirus 34""]"
337050	"[""Human papillomavirus - 53"", ""Human papillomavirus 53""]"
337051	[]
337075	"[""Peziza omphalodes"", ""Pyronema confluens""]"
340412	[]
345580	"[""Anopheles (Anopheles) ziemanni"", ""Anopheles coustani ziemanni""]"
349360	"[""Sorosporium williamsii"", ""Ustilago williamsii""]"
352914	"[""Plasmodium yoelii yoelii str. 17XNL""]"
353151	"[""Cryptosporidium hominis strain TU502""]"
353152	"[""Cryptosporidium parvum strain Iowa type II""]"
354585	"[""Candidatus Rickettsia gravesii""]"
357447	[]
366581	"[""Trypanosoma cruzi Esmeraldo""]"
370111	"[""Ochrobactrum pseudintermedium""]"
375577	[]
378272	"[""Hydnopolyporus fimbriatus"", ""Polystictus fimbriatus""]"
380704	[]
382532	"[""Chytridium pollinis-pini"", ""Rhizophydium pollinis-pini""]"
383379	[]
383678	"[""Antrodia quercina"", ""Boletus pulvinus"", ""Boletus quercinus"", ""Buglossoporus pulvinus"", ""Buglossoporus quercinus"", ""Fomes quercinus"", ""Piptoporus quercinus"", ""Placodes quercinus"", ""Polyporus quercinus"", ""Ungulina quercina""]"
387005	[]
388810	[]
391036	"[""Candidatus Ehrlichia ovata"", ""Ehrlichia ovata""]"
391287	"[""Ochrobactrum ciceri""]"
393049	[]
394055	"[""Farysizyma itapuaensis"", ""Farysizyma itapuensis""]"
396776	[]
404692	[]
407152	"[""Ochrobactrum cytisi""]"
408139	[]
409998	[]
412467	"[""Entamoeba nuttali""]"
413010	[]
415593	"[""Venturia pirina""]"
418784	"[""Candida pseudohaemuli Sugita, M. Takash., Poonwan & Mekha, 2006"", ""Candida pseudohaemulonii""]"
419474	"[""Ochrobactrum haematophilum""]"
419475	"[""Ochrobactrum pseudogrignonense""]"
420593	"[""Absidia hyalospora"", ""Mycocladus hyalosporus"", ""Tieghemella hyalospora""]"
425264	[]
427292	"[""Fusarium avenaceum subsp. aywerte""]"
432359	[]
436911	[]
441960	"[""Penicillium marneffei ATCC 18224""]"
444163	[]
446911	[]
447093	"[""Ajellomyces capsulatus G186AR""]"
447106	[]
447962	[]
451674	[]
454130	[]
454286	[]
457084	"[""Fusarium avenaceum subsp. nurragi""]"
462227	[]
463800	"[""Kwoniella mangroviensis""]"
465554	[]
467174	"[""Candidatus Rickettsia hoogstraalii""]"
468196	[]
470485	"[""Sphaerella aucupariae""]"
470704	[]
483020	"[""Fomes rhinocerus (Cooke) Sacc., 1972"", ""Lignosus rhinocerus (Cooke) Ryvarden, 1972"", ""Polyporus rhinocerus""]"
483139	"[""Isospora suis""]"
483707	"[""Raffaelea lauricola""]"
487220	[]
487660	[]
488412	[]
498019	"[""C. auris"", ""Candida auris"", ""Candida auris Satoh & Makimura, 2009""]"
505693	"[""Alveolata sp. RBM-2007"", ""Apicomplexa sp. CMS22"", ""Apicomplexa sp. RM12""]"
507601	[]
508665	"[""Aedes (Finlaya) notoscriptus"", ""Aedes (Rampamyia) notoscriptus"", ""Culex notoscriptus"", ""Ochlerotatus notoscriptus"", ""Rampamyia notoscriptus""]"
508771	"[""Toxoplasma gondii strain ME49""]"
515981	[]
519352	"[""Echinococcus granulosus Fennoscandian cervid strain"", ""Echinococcus granulosus G10 strain"", ""Echinococcus granulosus G8 strain"", ""Echinococcus granulosus G9 strain"", ""Echinococcus granulosus Polish human strain"", ""Echinococcus granulosus cervid strain""]"
523103	"[""Arthroderma vanbreuseghemii"", ""Ctenomyces mentagrophytes"", ""Ectotrichophyton mentagrophytes"", ""Microides mentagrophytes"", ""Microsporon mentagrophytes"", ""Microsporum mentagrophytes"", ""Spiralia mentagrophytes"", ""Trichophyton sp. 'mentagrophytes II*'"", ""Trichophyton sp. 'mentagrophytes III*'"", ""Trichophyton sp. 'mentagrophytes IV'"", ""Trichophyton sp. 'mentagrophytes VII'""]"
526922	"[""Melampsora abietis-canadensis C.A. Ludw., 1924""]"
526923	"[""Uredo aecidioides""]"
526925	[]
539813	"[""Enterobacter tabaci""]"
540482	"[""Theileria sp. UTRTlu8""]"
542832	[]
543639	[]
544711	"[""Ajellomyces capsulatus H88""]"
544712	"[""Ajellomyces capsulatus H143""]"
545650	[]
552467	"[""Cryptococcus bacillisporus VGIII"", ""Cryptococcus gattii VGIII"", ""Filobasidiella bacillispora"", ""Filobasidiella neoformans var. bacillispora""]"
563466	"[""Monosporium apiospermum"", ""Pseudallescheria apiosperma""]"
569361	[]
569362	[]
569365	[]
569394	[]
571254	"[""Ochrobactrum rhizosphaerae""]"
571255	"[""Ochrobactrum thiophenivorans""]"
571256	"[""Ochrobactrum pituitosum""]"
571949	[]
572307	[]
573508	"[""Aspergillus cristatellus"", ""Aspergillus cristatus Raper & Fennell, 1965"", ""Eurotium cristatum""]"
575411	[]
575983	[]
576948	"[""Enteric rabbit calicivirus MIC-07"", ""Rabbit Calicivirus-Australia 1' (RCV-A1) Isolate MIC-07""]"
578460	[]
582650	"[""Bisifusarium delphinoides""]"
586133	[]
586676	"[""Aedes (Finlaya) koreicus"", ""Aedes (Hulecoeteomyia) koreicus"", ""Ochlerotatus koreicus""]"
587888	"[""Bisifusarium penzigii""]"
588596	"[""Glomus irregulare Blaszk., Wubet, Renker & Buscot 2009"", ""Rhizophagus irregularis (Baszk., Wubet, Renker & Buscot) C. Walker & A. Schusler, 2010""]"
591449	[]
596167	"[""Daedalea sinensis""]"
598745	[]
599839	"[""Antrodia radiculosa"", ""Polyporus radiculosus""]"
637853	[]
639000	[]
646294	[]
646526	[]
647221	"[""Plasmodium sp. PD-2009a""]"
652810	[]
652832	[]
655981	"[""Geomyces destructans""]"
656917	[]
658444	"[""Nosema dikerogammari""]"
658858	[]
659015	"[""Ochrobactrum daejeonense""]"
679434	[]
679435	"[""Fusarium acuminatum subsp. armeniacum""]"
679716	[]
679940	[]
680193	[]
682382	"[""Human-Mink-Ovine like astrovirus A""]"
683172	[]
683174	[]
684837	[]
688394	"[""Absidia ramosa"", ""Mucor ramosus"", ""Rhizopus ramosus""]"
688661	"[""Absidia ornata""]"
694270	"[""Fusarium equiseti var. longipes"", ""Fusarium scirpi var. longipes""]"
707206	"[""Haemoproteus (Parahaemoproteus) tartakovskyi"", ""Haemoproteus tartokovskyi""]"
713888	"[""Mucor irregularis Stchigel, Cano, Guarro & Alvarez, 2011, nom. nov."", ""Rhizomucor variabilis""]"
715481	[]
720590	"[""Plasmodium sp. DRC-Itaito"", ""Plasmodium sp. UGF""]"
746128	"[""A. fumigatus"", ""Aspergillus fumigatus Fresen., 1863"", ""Aspergillus fumigatus var. ellipticus"", ""Aspergillus neoellipticus"", ""Neosartorya fumigata"", ""Sartorya fumigata""]"
751941	[]
756076	"[""Cryptosporidium tyzzeri Levine, 1961""]"
760013	[]
767483	[]
857276	[]
860376	[]
867683	"[""Ochrobactrum pecoris""]"
869250	[]
880534	"[""Plasmodium praefalciparum""]"
880535	"[""Plasmodium adleri""]"
880536	"[""Plasmodium blacklocki""]"
881260	[]
885040	[]
889389	[]
907947	"[""Ovatisporangium vexans"", ""Phytopythium vexans (de Bary) Abad, De Cock, Bala, Robideau, Lodhi & Lvesque 2015"", ""Pythium vexans""]"
907965	[]
912562	[]
914063	[]
929237	[]
931099	[]
931244	"[""Human papillomavirus 90""]"
933077	[]
935652	[]
936053	"[""Mucor delemar"", ""Rhizopus arrhizus var. delemar"", ""Rhizopus oryzae var. delemar""]"
941442	"[""Giardia intestinalis assemblage A"", ""Giardia lamblia (assemblage A)""]"
943118	[]
943119	[]
943120	[]
943121	[]
943122	[]
943167	[]
943250	[]
948311	"[""Cephalosporium proliferatum"", ""Fusarium proliferatum var. proliferatum"", ""Gibberella intermedia""]"
948454	[]
979981	[]
983330	[]
983644	[]
984957	"[""Haematonectria haematococca"", ""Nectria haematococca"", ""Neocosmospora haematococca""]"
1033840	[]
1041577	[]
1041578	"[""Fusarium lyarnte""]"
1042133	"[""Gibberella musae""]"
1047171	"[""Mycosphaerella graminicola"", ""Septoria tritici"", ""Sphaeria graminicola""]"
1048829	"[""Paracoccidioides sp. MT-2011""]"
1052685	"[""Ceriporiopsis rivulosa"", ""Physisporinus rivulosus"", ""Polyporus rivulosus""]"
1053131	[]
1053132	"[""Fusarium fuckelii"", ""Geejayessia cicatricum"", ""Nectria cicatricum"", ""Sphaeria sanguinea var. cicatricum""]"
1053134	"[""Cosmospora zealandica"", ""Geejayessia zealandica"", ""Nectria zealandica""]"
1053271	"[""Luteonectria nematophila""]"
1068590	"[""\""Candidatus Rickettsia asemboensis\"" Jiang et al. 2013""]"
1068625	[]
1069201	"[""Aspergillus acidus"", ""Aspergillus aureus var. acidus Nakaz., Simo & A. Watan., 1913"", ""Aspergillus awamori var. kawachi"", ""Aspergillus foetidus var. acidus"", ""Aspergillus kawachii"", ""Aspergillus kawachii (nom.nud.)""]"
1072361	[]
1074872	[]
1074873	[]
1076256	[]
1081669	"[""Endoreticulatus eriocheir""]"
1081671	[]
1089451	"[""Fusarium oxysporum f. sp. cubense tropical race 4 54006"", ""Fusarium oxysporum f. sp. cubense tropical race 4 II5""]"
1090944	"[""Rickettsia colombianensi""]"
1108849	"[""Penicillium rubens Biourge, 1923""]"
1111947	"[""Cubamyces cubensis"", ""Daedalea cubensis"", ""Lenzites cubamyces"", ""Polyporus cubensis"", ""Ungulina cubensis""]"
1111950	"[""Antrodia cervina"", ""Boletus cervinus"", ""Coriolellus cervinus"", ""Coriolus cervinus"", ""Davidia cervina"", ""Diplomitoporus cervinus"", ""Funalia cervina"", ""Microporus cervinus"", ""Polyporus cervinus"", ""Polystictus cervinus"", ""Trametes cervina""]"
1120755	"[""Plasmodium cynomolgi B""]"
1123529	"[""Monoblepharis prolifera""]"
1130820	[]
1130821	[]
1133968	[]
1134077	[]
1134596	"[""Hexacapsula neothunni""]"
1137138	[]
1137606	[]
1142505	[]
1144522	"[""Trichomonas foetus""]"
1147111	"[""Neocosmospora euwallaceae""]"
1147741	[]
1156164	[]
1167601	[]
1169539	"[""Vitrella brassicaformis CCMP3155""]"
1172193	[]
1175849	[]
1175851	[]
1175852	[]
1176355	"[""Hamiltosporidium tvaerminnense""]"
1176484	"[""Canine calicivirus""]"
1182553	[]
1185359	[]
1187980	[]
1191702	[]
1193500	[]
1194599	[]
1195655	[]
1195656	[]
1202976	[]
1206070	[]
1208309	"[""Human polyomavirus 10""]"
1208366	"[""Selenosporium sarcochroum""]"
1208917	[]
1218315	"[""Brucella melitensis biovar Inopinata""]"
1220188	[]
1226780	[]
1227346	"[""Fusarium proliferatum var. proliferatum ET1""]"
1231522	"[""Candida duobushaemuli Cend.-Bueno, Kolecka, Alastr.-Izq., Gomez-Lopez, Cuenc.-Estr. & Boekhout, 2012"", ""Candida duobushaemulonii""]"
1233383	[]
1233435	[]
1235837	"[""Fusarium sp. CML262""]"
1237067	"[""Albonectria albida"", ""Luteonectria albida"", ""Nectria albida""]"
1237068	"[""Albonectria albosuccinea"", ""Calonectria albosuccinea"", ""Nectria albosuccinea""]"
1237069	"[""Cyanonectria cyanostoma"", ""Nectria cyanostoma""]"
1237073	"[""Albonectria verrucosa"", ""Calonectria verrucosa"", ""Nectria astromata""]"
1237075	[]
1239565	"[""Mamastrovirus-1""]"
1239570	[]
1239573	[]
1240240	[]
1242993	"[""Ehrlichia mineirensis""]"
1247113	[]
1247114	[]
1257118	"[""Acanthamoeba castellanii Neff strain"", ""Acanthamoeba castellanii strain Neff""]"
1279043	[]
1280935	"[""Cryptosporidium chipmunk genotype I""]"
1284706	[]
1287682	[]
1288291	"[""Anncaliia algerae PRA-339""]"
1295531	"[""Filobasidiella depauperata CBS 7841"", ""Filobasidiella depauperata CBS7841""]"
1295824	[]
1300064	[]
1303197	[]
1307414	"[""Vibrio injenensis Paek et al. 2021""]"
1325723	"[""Fusarium neocosmosporiellum O'Donnell & Geiser, 2013"", ""Neocosmospora africana"", ""Neocosmospora vasinfecta"", ""Neocosmospora vasinfecta var. africana"", ""Neocosmospora vasinfecta var. vasinfecta""]"
1325733	"[""Neocosmospora floridana""]"
1325734	"[""Neocosmospora duplosperma""]"
1325736	"[""Neocosmospora tuaranensis""]"
1328300	"[""Cephalosporium keratoplasticum"", ""Cephalosporium keratoplasticum (nom. inval.)"", ""Hyalopus keratoplasticum"", ""Neocosmospora keratoplastica""]"
1335626	"[""MERS coronavirus"", ""MERS virus"", ""Middle East Respiratory Syndrome Coronavirus (MERS-CoV)"", ""Middle East respiratory syndrome coronavirus""]"
1340029	[]
1341019	[]
1341132	"[""Aspergillus welwitschiae (Bres.) Henn."", ""Ustilago welwitschiae""]"
1343061	"[""Physostomum marginatus""]"
1348384	[]
1352834	[]
1353008	[]
1354746	[]
1357716	[]
1391667	[]
1392244	"[""Pseudozyma brasiliensis""]"
1394984	"[""Giardia intestinalis assemblage B"", ""Giardia lamblia (assemblage B)""]"
1395126	[]
1396488	[]
1396496	[]
1407638	[]
1408657	[]
1410381	[]
1416333	[]
1435070	"[""Fusarium solani f. piperis"", ""Neocosmospora piperis""]"
1436798	[]
1440170	[]
1463230	"[""Trypanosomatidae sp. B08-376""]"
1470209	"[""Paratrypanosoma confusa"", ""Trypanosomatidae sp. TS-2013""]"
1477011	[]
1481663	[]
1485682	[]
1493858	[]
1496333	[]
1503980	[]
1511891	"[""Adeno-associated dependoparvovirus A""]"
1511892	"[""Adeno-associated dependoparvovirus B""]"
1513256	"[""Human papillomavirus 126-like viruses""]"
1513257	[]
1513258	[]
1513259	[]
1513260	[]
1513261	[]
1513262	[]
1513263	[]
1513264	"[""Human papillomavirus 161-like viruses""]"
1513265	[]
1513325	[]
1518534	"[""Anopheles gambiae M""]"
1518574	[]
1521116	[]
1525173	[]
1547495	[]
1555241	[]
1561998	[]
1562740	[]
1564182	"[""San Miguel sea lion virus-8""]"
1566354	[]
1566825	"[""Ganoderma leucocontextus""]"
1567539	[]
1567540	[]
1567541	[]
1567543	"[""Fusarium newnesensis""]"
1567544	[]
1571107	[]
1571108	[]
1576625	[]
1578925	[]
1580211	[]
1580212	[]
1580590	"[""Leishmania (Leishmania) martiniquensis""]"
1582094	[]
1595998	[]
1603071	[]
1604274	[]
1604329	[]
1604330	[]
1604332	[]
1604333	[]
1611254	[]
1615583	[]
1634941	"[""Rectifusarium robinianum""]"
1647924	[]
1652704	[]
1658007	"[""Rhipicephalus javanensis""]"
1658174	[]
1664694	"[""Phialophora attinorum Attili-Angelis, Duarte, Stielow & de Hoog, 2014""]"
1674146	"[""Borrelia mayonii"", ""Borreliella mayonii (Pritt et al. 2016) Gupta 2020"", ""Candidatus Borrelia mayonii""]"
1678143	"[""Orthohepevirus A""]"
1681229	[]
1714619	"[""Mammalian 1 bornavirus"", ""Mammalian 1 orthobornavirus""]"
1715230	"[""Haematonectria sp."", ""Neocosmospora sp."", ""cf. Fusarium solani""]"
1754190	[]
1768064	[]
1774096	[]
1803897	[]
1805481	[]
1805483	[]
1806994	[]
1812179	[]
1812935	"[""Enterobacter cf. cloacae SF-2015e"", ""Enterobacter cloacae 'Hoffmann cluster IV'"", ""Enterobacter cloacae Hoffmann cluster IV"", ""Enterobacter cloacae complex 'Hoffmann cluster IV'"", ""Enterobacter cloacae genomosp. IV""]"
1820160	[]
1824868	[]
1859096	"[""Cryptococcus gattii VGII""]"
1859121	"[""Cryptococcus gattii VGIV""]"
1859122	"[""Cryptococcus gattii AFLP10"", ""Cryptococcus gattii VGIV/VGIIIc"", ""Cryptococcus gattii VGIVj/VGIIIc""]"
1862824	[]
1866961	[]
1873960	"[""Cercospora fijiensis"", ""Mycosphaerella fijiensis"", ""Mycosphaerella fijiensis M. Morelet, 1969"", ""Paracercospora fijiensis"", ""Paracercospora fijiensis var. difformis""]"
1882483	[]
1882861	[]
1884592	[]
1891726	"[""Human polyomavirus 5""]"
1891727	"[""Human polyomavirus 8""]"
1891728	"[""Human polyomavirus 13""]"
1891745	"[""Human polyomavirus 11""]"
1891762	"[""BK polyomavirus"", ""BK virus"", ""BK virus BKV"", ""Human polyomavirus (type BK)"", ""Human polyomavirus 1"", ""Human polyomavirus BK"", ""Human polyomavirus BKV"", ""Papovavirus BKV"", ""Polyomavirus hominis 1"", ""human polyomavirus type BK BKV"", ""polyomavirus BK""]"
1891763	"[""Human polyomavirus 2""]"
1891764	"[""Human polyomavirus 3"", ""KI polyoma virus"", ""KI polyomavirus""]"
1891765	"[""Human polyomavirus 4""]"
1897087	"[""Mammalian 2 bornavirus"", ""Mammalian 2 orthobornavirus""]"
1903318	[]
1904876	[]
1907226	[]
1912981	[]
1912982	[]
1912983	[]
1912989	[]
1913371	[]
1917820	[]
1917822	[]
1917830	[]
1917863	[]
1922246	"[""Staphylococcus virus Sextaec""]"
1923975	[]
1930509	[]
1934327	[]
1938578	[]
1955774	"[""Emmonsia pasteuriana""]"
1955775	[]
1958811	[]
1959930	[]
1960046	"[""Hom-1 calicivirus"", ""SMSV-5 Homosapien-1""]"
1961678	[]
1961679	[]
1961680	[]
1961681	[]
1961682	[]
1961683	[]
1961783	[]
1961830	[]
1963359	"[""Brucella endophytica"", ""Ochrobactrum endophyticum""]"
1965018	[]
1972497	[]
1972572	"[""Cocal vesiculovirus""]"
1972573	"[""Isfahan vesiculovirus""]"
1972575	"[""Piry vesiculovirus""]"
1972576	"[""Chandipura vesiculovirus""]"
1972577	"[""Indiana vesiculovirus""]"
1972578	"[""New Jersey vesiculovirus""]"
1972579	"[""Alagoas vesiculovirus""]"
1973153	"[""Prototheca eriobotryae"", ""Prototheca portoricensis"", ""Prototheca zopfii var. portoricensis""]"
1978533	"[""Nkolbisson ledantevirus""]"
1978540	"[""Le Dantec ledantevirus""]"
1980456	"[""Andes hantavirus"", ""Andes orthohantavirus"", ""Andes virus""]"
1980458	"[""Asikkala orthohantavirus"", ""Asikkala virus""]"
1983771	[]
1987017	"[""Bas-Congo tibrovirus"", ""Bas-Congo virus""]"
1987018	"[""Ekpoma 1 tibrovirus""]"
1987019	"[""Ekpoma 2 tibrovirus""]"
2010991	"[""Neocosmospora kuroshio""]"
2011161	[]
2017081	[]
2017082	[]
2017083	[]
2018661	[]
2021738	[]
2023177	[]
2023178	[]
2023182	[]
2023183	[]
2023184	[]
2023186	[]
2023189	[]
2023191	[]
2023192	[]
2023197	[]
2023198	[]
2025360	[]
2025396	[]
2043490	[]
2049356	"[""Monocercomonoides sp. PA203""]"
2049444	[]
2050978	[]
2052682	"[""Pythium ultimum""]"
2055263	[]
2056292	"[""Microporus lineatus"", ""Physisporinus lineatus"", ""Polyporus lineatus"", ""Rigidoporus lineatus""]"
2059318	[]
2060905	"[""Chrysosporium parvum"", ""Emmonsia parva"", ""Emmonsia parva var. parva"", ""Haplosporangium parvum""]"
2060906	"[""Blastomyces silverae Y.P. Jiang, Sigler & de Hoog, 2018""]"
2065218	[]
2071710	"[""Enterobacter genomosp. N""]"
2074759	"[""Amauroascus mutatus"", ""Gymnoascus verrucosus"", ""Onygena mutata""]"
2075311	"[""Ganoderma tsugae""]"
2078661	[]
2082529	[]
2086344	[]
2093782	"[""Endothia japonica""]"
2126942	[]
2138241	"[""Rhabditis belari""]"
2161807	[]
2169902	[]
2169991	"[""Argentinian mammarenavirus"", ""Junin arenavirus"", ""Junin mammarenavirus"", ""Junin virus"", ""Junn mammarenavirus""]"
2170030	"[""Newbury-1 virus""]"
2184029	[]
2184030	[]
2184031	[]
2184066	[]
2200830	"[""Akhmeta virus""]"
2202201	"[""Leptospira dzianensis"", ""Leptospira dzianensis Vincent et al. 2020""]"
2202203	"[""Leptospira putramalaysiae"", ""Leptospira putramalaysiae Vincent et al. 2020""]"
2202890	[]
2211609	[]
2219844	"[""Psocus contaminatus""]"
2249419	"[""Chaetothyriales sp. CBS132003""]"
2249476	"[""Leishmania (Mundinia) orientalis""]"
2267551	[]
2267552	[]
2268382	[]
2283686	[]
2301259	[]
2301260	[]
2304647	[]
2305859	[]
2305860	[]
2305861	[]
2305862	[]
2305864	[]
2306311	[]
2306312	[]
2306442	"[""Pesotum australe"", ""Pesotum australi"", ""Pesotum australiae"", ""Pesotum australiae Kamgan, K. Jacobs & M.J. Wingf. [as 'australi'], in Kamgan Nkuekam, Jacobs, de Beer, Wingfield & Roux, 2008""]"
2358204	[]
2364646	[]
2364996	[]
2421284	"[""Fusarium solani species complex 6"", ""Fusarium sp. FSSC 6"", ""Fusarium sp. FSSC_6a"", ""Neocosmospora metavorans""]"
2447956	"[""Flaviporus citrinellus""]"
2478464	"[""Enterobacter oligotrophica"", ""Enterobacter oligotrophicus corrig.""]"
2484901	[]
2484903	[]
2484904	[]
2484911	[]
2484912	[]
2484931	[]
2484932	[]
2484942	[]
2484943	[]
2484945	[]
2484948	[]
2484950	"[""Leptospira koniamboensis""]"
2484961	[]
2484962	[]
2484964	[]
2484968	[]
2484974	[]
2484976	[]
2484979	[]
2484981	[]
2484982	[]
2484983	[]
2484985	[]
2494463	[]
2494464	[]
2494465	"[""Fusarium ipomoeae M.M. Wang, Qian Chen & L. Cai, 2019""]"
2494466	"[""Fusarium sp. (FIESC 15-a)"", ""Fusarium sp. FIESC 15-a"", ""Fusarium sp. FIESC_15-a"", ""Fusarium sp. FIESC_15a KOD-2010""]"
2494467	"[""Fusarium incarnatum equiseti species complex_18b""]"
2494468	[]
2494701	[]
2494702	[]
2495903	[]
2497436	[]
2497875	[]
2498619	"[""Boletus brumalis"", ""Polyporus brumalis""]"
2499242	[]
2502993	[]
2502994	"[""Fusarium oxysporum f. sp. cubense tropical race 4""]"
2502998	[]
2502999	[]
2518322	"[""Borrelia fainii""]"
2528156	[]
2529381	[]
2529382	[]
2559892	[]
2562764	[]
2563089	[]
2564040	[]
2587412	"[""Malinvernia anserina"", ""Triangularia anserina""]"
2592485	[]
2592597	[]
2594811	"[""Fusarium clavum J.W. Xia, L. Lombard, Sand.-Den., X.G. Zhang & Crous, 2019"", ""Fusarium equiseti CS3069"", ""Fusarium sp. FIESC 5 CS3069"", ""Fusarium sp. FIESC5 CS3069""]"
2594821	[]
2598192	[]
2600580	[]
2604345	"[""Neocosmospora oligoseptata""]"
2654633	"[""Rhabditis bovis""]"
2654861	[]
2670338	"[""Nematocida sp. LUA1""]"
2670339	"[""Nematocida sp. LUA2""]"
2670340	"[""Nematocida sp. LUA3""]"
2670341	[]
2670342	[]
2670343	[]
2670344	[]
2675880	[]
2682772	[]
2682914	[]
2687229	[]
2691012	[]
2692427	[]
2692428	[]
2696576	"[""Antrodia camphorata (M. Zang & C.H. Su) Sheng H. Wu, Ryvarden & T.T. Chang, 1997"", ""Antrodia cinnamomea"", ""Ganoderma camphoratum M. Zang & C.H. Su, 1990"", ""Taiwanofungus camphoratus (M. Zang & C.H. Su) Sheng H. Wu, Z.H. Yu, Y.C. Dai & C.H. Su, 2004"", ""Taiwanofungus comphoratus""]"
2698477	"[""Pneumocystis carinii f. sp. canis""]"
2698480	"[""Pneumocystis carinii f. sp. macacae""]"
2699242	[]
2708283	[]
2708284	[]
2708285	[]
2715920	[]
2720561	[]
2723674	[]
2724196	"[""Rhizoclosmatium hyalinum Karling, 2019""]"
2724198	[]
2724210	[]
2724211	[]
2724214	[]
2725329	[]
2725673	[]
2729611	[]
2729612	[]
2732417	[]
2732655	[]
2734294	"[""Human polyomavirus 14""]"
2734436	"[""Alenquer phlebovirus""]"
2735257	"[""Rhizophlyctidales sp. WJD-2016""]"
2735509	"[""Trametes ljubarskyi""]"
2736616	[]
2739387	"[""Trichophyton mentagrophytes var. indotineae""]"
2747437	"[""Neocosmospora liriodendri""]"
2747443	"[""Neocosmospora protoensiformis""]"
2747967	"[""Fusarium javanicum"", ""Fusarium striatum"", ""Haematonectria ipomoeae"", ""Hypomyces ipomoeae"", ""Nectria ipomoeae"", ""Neocosmospora ipomoeae""]"
2747968	"[""Fusarium martii var. pisi"", ""Fusarium pisi"", ""Fusarium solani f. pisi"", ""Fusarium solani f. sp. pisi"", ""Fusarium sp. FSSC 11"", ""Fusarium vanettenii O'Donnell, Geiser, Kasson & T. Aoki, 2020"", ""Nectria haematococca mpVI"", ""Nectria haematococca subsp. mating population VI"", ""Neocosmospora pisi""]"
2748958	"[""Dabie bandavirus"", ""Huaiyangshan banyangvirus""]"
2750198	[]
2761500	[]
2761623	[]
2761625	"[""Koerneria sudhausi""]"
2770106	[]
2777116	[]
2777155	[]
2778371	[]
2778372	[]
2778373	[]
2778374	[]
2778375	[]
2786947	[]
2788929	"[""Pachyma hoelen""]"
2795181	[]
2797505	[]
2797506	[]
2802991	"[""Leishmania (Mundinia) sp. Namibia""]"
2803181	"[""Leishmania (Mundinia) sp. Ghana 2012 LV757""]"
2805939	"[""unidentified circular ssDNA virus""]"
2806465	[]
2810033	[]
2810034	[]
2810035	[]
2810036	[]
2822231	"[""Phanerochaete chrysosporium"", ""Sporotrichum pruinosum""]"
2823370	[]
2835763	[]
2835764	[]
2835765	[]
2835766	[]
2838793	"[""Fusarium sp. BWC""]"
2838947	[]
2844072	[]
2844074	[]
2844075	[]
2844077	[]
2844078	[]
2844079	[]
2844554	[]
2844581	[]
2844582	[]
2844583	[]
2844584	[]
2844585	[]
2844646	[]
2844802	[]
2844803	[]
2844804	[]
2844805	[]
2844967	[]
2844968	[]
2844969	[]
2845010	[]
2845897	[]
2845899	[]
2845900	[]
2846071	[]
2853592	[]
2853593	[]
2866285	[]
2867405	"[""Blumeria graminis f. sp. hordei"", ""Erysiphe graminis (subsp. hordei)"", ""Erysiphe graminis f. sp. hordei""]"
2870669	[]
2874296	"[""Dipetalonema johnstoni""]"
2874508	[]
2878363	[]
2879643	[]
2885761	[]
2895620	[]
2895621	[]
2895622	[]
2897411	"[""Physostomum arcuatus""]"
2898544	[]
2898545	[]
2902605	"[""Histoplasma ohiense V.E. Sepulveda, R. Marquez, Turissini, W.E. Goldman & Matute, 2017""]"
2917766	[]
2919603	[]
2919604	[]
2919605	[]
2939534	[]
2949038	[]
2949039	[]
2950023	[]
2950024	[]
2950025	[]
2950514	[]
2951361	"[""Neocosmospora drepaniformis""]"
2951362	"[""Neocosmospora papillata""]"
2951619	[]
2951723	"[""Nothofusarium devonianum""]"
2955291	[]
2955297	[]
2955465	[]
2955744	[]
2955745	[]
2955746	[]
2955935	[]
2956251	[]
2956252	[]
2956268	[]
2956516	[]
2956517	[]
2956523	[]
2956524	[]
2956525	[]
2956526	[]
2956527	[]
2956528	[]
2971765	"[""Langya henipavirus""]"
2972756	"[""Nirmus nebulosa""]"
2994648	[]
2996112	[]
2996754	[]
3016916	[]
3029761	[]
3030997	[]
3030999	[]
3039483	[]
3043721	[]
3046277	[]
3047956	[]
3047957	[]
3047958	[]
3047959	[]
3047960	[]
3047961	[]
3047962	[]
3047963	[]
3047964	[]
3047965	[]
3047966	[]
3047967	[]
3048148	[]
3048158	[]
3048170	[]
3048175	[]
3048184	[]
3048215	[]
3048233	[]
3048287	[]
3048380	[]
3048381	[]
3048382	[]
3048383	[]
3048384	[]
3048385	[]
3048387	[]
3048388	[]
3048389	[]
3048390	[]
3048391	[]
3048392	[]
3048393	[]
3048394	[]
3048395	[]
3048396	[]
3048397	[]
3048398	[]
3048399	[]
3048400	[]
3048401	[]
3048402	[]
3048403	[]
3048404	[]
3048405	[]
3048406	[]
3048407	[]
3048413	[]
3048414	[]
3048415	[]
3048418	[]
3048419	[]
3048422	[]
3048423	[]
3048427	[]
3048428	[]
3048429	[]
3048430	[]
3048431	[]
3048432	[]
3048433	[]
3048447	[]
3048448	"[""WNV""]"
3048459	"[""ZIKV""]"
3049952	[]
3049953	[]
3049954	[]
3050292	[]
3050293	[]
3050294	[]
3050295	[]
3050296	[]
3050297	[]
3050298	[]
3050299	"[""EBV"", ""Lymphocryptovirus human gamma 4""]"
3050300	[]
3050305	[]
3050361	[]
3051989	"[""Bhanja bandavirus""]"
3051992	"[""Heartland bandavirus"", ""Heartland banyangvirus""]"
3052004	[]
3052013	[]
3052014	[]
3052022	[]
3052040	"[""Primate bocaparvovirus 1""]"
3052041	"[""Primate bocaparvovirus 2""]"
3052121	"[""Human associated circovirus 1"", ""Human faeces associated circovirus""]"
3052148	"[""Lloviu cuevavirus"", ""Lloviu virus""]"
3052181	"[""Mengla dianlovirus"", ""Mengla virus""]"
3052223	"[""Equine morbillivirus"", ""Hendra henipavirus"", ""Hendra virus""]"
3052225	"[""Nipah henipavirus"", ""Nipah virus"", ""Nipah-virus""]"
3052230	"[""HCV"", ""Hepacivirus C"", ""Hepacivirus hominis"", ""Hepatitis C virus"", ""hepatitis C virus HCV"", ""human hepatitis C virus"", ""human hepatitis C virus HCV"", ""human hepatitis virus C HCV"", ""post-transfusion hepatitis non A non B virus""]"
3052236	"[""Hepacivirus B"", ""Hepacivirus platyrrhini""]"
3052302	"[""Chapare mammarenavirus"", ""Chapare virus""]"
3052303	"[""Lymphocytic choriomeningitis mammarenavirus"", ""Lymphocytic choriomeningitis virus"", ""lymphocytic choriomeningitis virus LCMV""]"
3052307	"[""Guanarito arenavirus"", ""Guanarito mammarenavirus"", ""Guanarito virus""]"
3052310	"[""Lassa mammarenavirus"", ""Lassa virus""]"
3052314	"[""Lujo mammarenavirus"", ""Lujo virus""]"
3052317	"[""Machupo mammarenavirus"", ""Machupo virus""]"
3052345	[]
3052362	"[""Grotenhout norwavirus""]"
3052384	"[""5-Bwamba virus Group"", ""Bwamba bunyavirus group"", ""Bwamba orthobunyavirus"", ""Bwamba serogroup"", ""Bwamba virus""]"
3052385	"[""Cache Valley orthobunyavirus""]"
3052389	"[""Catu orthobunyavirus""]"
3052390	"[""California encephalitis orthobunyavirus""]"
3052397	"[""Guaroa orthobunyavirus""]"
3052399	"[""Ilesha orthobunyavirus""]"
3052409	"[""La Crosse orthobunyavirus""]"
3052413	"[""Madrid orthobunyavirus""]"
3052429	"[""Oropouche orthobunyavirus""]"
3052439	"[""Fort Sherman orthobunyavirus""]"
3052458	[]
3052459	[]
3052460	[]
3052461	[]
3052462	"[""EBOV"", ""Ebola""]"
3052464	[]
3052465	[]
3052468	[]
3052470	"[""Bayou hantavirus"", ""Bayou orthohantavirus"", ""Bayou virus""]"
3052471	"[""Bowe orthohantavirus""]"
3052472	"[""Bruges orthohantavirus""]"
3052473	"[""Cao Bang orthohantavirus"", ""Cao Bang virus""]"
3052476	"[""Cano Delgadito hantavirus"", ""Cano Delgadito orthohantavirus"", ""Cano Delgadito virus""]"
3052477	"[""Dobrava virus"", ""Dobrava-Belgrade hantavirus"", ""Dobrava-Belgrade orthohantavirus"", ""Dobrava-Belgrade virus"", ""Dobravavirus""]"
3052478	"[""Fugong orthohantavirus""]"
3052480	"[""Hantaan hantavirus"", ""Hantaan orthohantavirus"", ""Hantaan virus"", ""Korean hemorrhagic fever virus""]"
3052481	"[""Jeju orthohantavirus""]"
3052482	"[""Kenkeme orthohantavirus""]"
3052483	"[""Khabarovsk hantavirus"", ""Khabarovsk orthohantavirus"", ""Khabarovsk virus""]"
3052484	"[""Luxi orthohantavirus""]"
3052485	"[""Maporal orthohantavirus""]"
3052486	"[""Montano orthohantavirus"", ""Montano virus""]"
3052492	"[""Prospect Hill Hantavirus"", ""Prospect Hill orthohantavirus"", ""Prospect Hill virus""]"
3052493	"[""Puumala hantavirus"", ""Puumala orthohantavirus"", ""Puumala virus"", ""Puumala virus PV"", ""Puumalavirus"", ""nephropathia epidemica virus""]"
3052495	"[""Rockport orthohantavirus""]"
3052496	"[""Sangassou hantavirus"", ""Sangassou orthohantavirus"", ""Sangassou virus""]"
3052498	"[""Seol Hantavirus (SEOV)"", ""Seoul hantavirus"", ""Seoul orthohantavirus"", ""Seoul virus"", ""epidemic hemorrhagic fever virus""]"
3052499	"[""Orthohantavirus sinnombrense"", ""Sin Nombre hantavirus"", ""Sin Nombre orthohantavirus"", ""Sin Nombre virus""]"
3052500	"[""Tatenale orthohantavirus""]"
3052501	"[""Thailand hantavirus"", ""Thailand orthohantavirus"", ""Thailand virus""]"
3052503	"[""Tula hantavirus"", ""Tula orthohantavirus"", ""Tula virus""]"
3052505	"[""Lake Victoria marburgvirus"", ""Marburg marburgvirus"", ""Marburg virus MBG""]"
3052514	"[""Dugbe nairovirus"", ""Dugbe orthonairovirus"", ""Dugbe virus""]"
3052515	"[""Erve orthonairovirus""]"
3052518	"[""Crimean-Congo haemorrhagic fever virus"", ""Crimean-Congo hemorrhagic fever nairovirus"", ""Crimean-Congo hemorrhagic fever orthonairovirus"", ""Crimean-Congo hemorrhagic fever virus"", ""Crimean-Congo hemorrhagic virus""]"
3052521	"[""Issyk-kul orthonairovirus""]"
3052523	"[""Kasokero orthonairovirus""]"
3052529	"[""Nairobi sheep disease orthonairovirus""]"
3052530	"[""Congoid orthonairovirus""]"
3052535	"[""Soldado orthonairovirus""]"
3052536	"[""Tacheng orthonairovirus""]"
3052538	"[""Tamdy orthonairovirus""]"
3052556	[]
3052557	[]
3052558	[]
3052559	"[""Mapuera orthorubulavirus"", ""Mapuera rubulavirus"", ""Mapuera virus""]"
3052560	[]
3052599	"[""Menangle pararubulavirus"", ""Menangle rubulavirus""]"
3052600	"[""Sosuga pararubulavirus"", ""Sosuga rubulavirus""]"
3052606	"[""Pegivirus H""]"
3052608	"[""Pegivirus C""]"
3052610	"[""GB virus A"", ""Hepatitis GB virus A"", ""Pegivirus A""]"
3052640	"[""Candiru phlebovirus""]"
3052643	"[""Cocle phlebovirus""]"
3052647	"[""Echarate phlebovirus""]"
3052660	"[""Maldonado phlebovirus""]"
3052676	"[""Rift Valley fever phlebovirus""]"
3052681	"[""Sicilian phlebovirus""]"
3052684	"[""Punta Toro phlebovirus""]"
3052686	"[""Toscana phlebovirus""]"
3052714	"[""Primate protoparvovirus 1""]"
3052716	"[""Primate protoparvovirus 3""]"
3052755	"[""Xilang striavirus""]"
3052759	"[""Human tanzavirus""]"
3052770	"[""Primate tetraparvovirus 1""]"
3052777	"[""Huangjiao thamnovirus""]"
3052788	"[""Imjin orthohantavirus"", ""Imjin thottimvirus""]"
3052789	"[""Thottapalayam thottimvirus"", ""Thottopalayam thottimvirus""]"
3053730	[]
3058965	[]
3059160	"[""Hydnum occarium""]"
3060057	[]
3060422	[]
3060504	[]
3060506	[]
3060740	[]
3061949	[]
3062170	[]
3066247	[]
3066248	[]
3066249	[]
3066250	[]
3066251	[]
3066252	[]
3066265	[]
3066266	[]
3066267	[]
3066268	[]
3066269	[]
3066270	[]
3092705	[]
3092709	[]
3092728	[]
3092732	[]
3092744	[]
3104224	[]
3104225	[]
3115352	"[""Rickettsia kedanie""]"
3120201	[]
3120202	[]
3132711	[]
3133180	[]
3141789	[]
3142537	[]
3151832	[]
3235173	[]
3240447	[]
3241402	[]
3241406	[]
3241411	[]
3241420	[]
3241425	[]
3241426	[]
3241445	[]
3323875	[]
3390039	[]
3394917	[]
3407641	[]
3418604	"[""COVID"", ""COVID-19"", ""SARS-CoV-2""]"
3418650	"[""HIV"", ""HIV-1""]"
3418651	"[""HIV-2""]"
3422298	[]
3426294	[]
3426296	[]
3426298	[]
3426299	[]
3426305	[]
3426306	[]
3426312	[]
3426314	[]
3426317	[]
3426318	[]
3426322	[]
3426323	[]
3426330	[]
3426401	[]
3426474	[]
3426654	[]
3427731	[]
3428066	[]
3428094	[]
3428095	[]
3428096	[]
3428097	[]
3428098	[]
3428212	[]
3428213	[]
3428214	[]
3428500	[]
3428501	[]
3428502	[]
3428503	[]
3428504	[]
3428505	[]
3428506	[]
3429217	[]
3430318	[]
3430629	[]
3430631	[]
3430641	[]
3430886	[]
3430915	[]
3430922	[]
3430984	[]
3431062	[]
3431103	[]
3431196	[]
3431237	[]
3431241	[]
3431248	[]
3431249	[]
3431250	[]
3431302	"[""HBV""]"
3431360	[]
3431389	[]
3431395	[]
3431483	"[""MPXV"", ""mpox""]"
3431487	[]
3431496	[]
3432145	[]
3432189	[]
3432193	[]
3432194	[]
3432195	[]
3432203	[]
3432241	[]
3432266	[]
3432451	[]
3432458	[]
3432459	[]
3432910	[]
3432911	[]
3433198	[]
3433199	[]
3433538	[]
3433539	[]
3433633	[]
3433756	[]
3433757	[]
3433758	[]
3433809	[]
3697922	"[""Megastoma entericum""]"
