source_taxonomy_id	taxonomy_id	highlight_descendant_taxonomy_ids	name	rank
1773	1773		Mycobacterium tuberculosis	species
4827	4827	42458,58291,688394,936053	Mucorales	order
5037	5037		Histoplasma capsulatum	species
5052	5052	5059,746128	Aspergillus	genus
5207	5207		Cryptococcus neoformans	species
5763	5763		Naegleria fowleri	species
5807	5807		Cryptosporidium parvum	species
5833	5833		Plasmodium falciparum	species
11018	11018	3426298,3426322	Togaviridae	family
11050	11050	3048448,3052464,3052465	Flaviviridae	family
11158	11158	3052223,3052225,3052560,3052599	Paramyxoviridae	family
11266	11266	3052462,3052505	Filoviridae	family
11617	11617	3052303,3052310,3052317	Arenaviridae	family
12058	12058	3428500,3428502,3428504,3428506	Picornaviridae	family
38574	38574	5661,5671	Leishmania donovani species complex	species group
199306	199306		Coccidioides posadasii	species
498019	498019		Candidozyma auris	species
1980413	1980413	1980456,3052499	Hantaviridae	family
1980415	1980415	3052518	Nairoviridae	family
1980416	1980416	3052385,3052409,3052429	Peribunyaviridae	family
1980418	1980418	3052676,3052686	Phenuiviridae	family
2955291	2955291		Alphainfluenzavirus influenzae	species
3418604	3418604		Betacoronavirus pandemicum	species
3431483	3431483		Orthopoxvirus monkeypox	species
